{
	"class" : {
		"default" : "sw 9/1/2010 21:42",
		"defaultFillReplacing:" : "sw 10/12/2010 14:48" },
	"instance" : {
		"direction" : "bf 11/18/2011 19:28",
		"direction:" : "bf 11/18/2011 19:29",
		"direction:offset:" : "bf 11/18/2011 19:29",
		"fillInOldArgs" : "bf 11/18/2011 19:29",
		"from:to:" : "bf 11/18/2011 19:20",
		"fromTo" : "bf 11/18/2011 19:40",
		"offset" : "bf 11/18/2011 19:28",
		"offset:" : "bf 11/18/2011 19:28",
		"pipelineOn:for:" : "bf 11/18/2011 19:16",
		"printOn:" : "bf 11/18/2011 19:31" } }
