{
	"class" : {
		"declareCVarsIn:" : "bf 11/17/2011 19:29",
		"initialize" : "bf 9/7/2010 16:48",
		"moduleName" : "bf 6/15/2011 14:24",
		"moduleNameAndVersion" : "bf 3/17/2011 12:54",
		"version" : "bf 3/17/2011 13:03" },
	"instance" : {
		"checkNileError" : "bf 7/20/2012 14:57",
		"dispatchKernel:size:arguments:size:" : "bf 11/11/2011 20:44",
		"executeCommand:" : "bf 11/18/2011 17:11",
		"executeKernel:size:" : "bf 8/10/2010 16:15",
		"executePour:size:" : "bf 3/14/2011 20:27",
		"executeSync:size:" : "bf 7/20/2012 14:57",
		"fail:" : "bf 3/14/2011 20:27",
		"imageFromForm:" : "bf 11/18/2011 18:24",
		"initialiseModule" : "bf 11/18/2011 15:52",
		"kernelApplyColorSpans:size:" : "bf 11/11/2011 20:44",
		"kernelApplyTexture:size:" : "bf 3/14/2011 20:28",
		"kernelBicubicFilter:size:" : "bf 3/14/2011 20:28",
		"kernelBilinearFilter:size:" : "bf 3/14/2011 20:28",
		"kernelCalculateBounds:size:" : "bf 3/8/2011 15:27",
		"kernelCapture:size:" : "bf 5/20/2011 17:45",
		"kernelClipBeziers:size:" : "bf 3/14/2011 20:28",
		"kernelColorSpan:size:" : "bf 9/22/2011 14:51",
		"kernelCompositeClear:size:" : "bf 3/8/2011 15:27",
		"kernelCompositeColorBurn:size:" : "bf 3/8/2011 15:27",
		"kernelCompositeColorDodge:size:" : "bf 3/8/2011 15:27",
		"kernelCompositeDarken:size:" : "bf 3/8/2011 15:27",
		"kernelCompositeDifference:size:" : "bf 3/8/2011 15:27",
		"kernelCompositeDst:size:" : "bf 3/8/2011 15:27",
		"kernelCompositeDstAtop:size:" : "bf 3/8/2011 15:27",
		"kernelCompositeDstIn:size:" : "bf 3/8/2011 15:27",
		"kernelCompositeDstOut:size:" : "bf 3/8/2011 15:27",
		"kernelCompositeDstOver:size:" : "bf 3/8/2011 15:27",
		"kernelCompositeExclusion:size:" : "bf 3/8/2011 15:27",
		"kernelCompositeHardLight:size:" : "bf 3/8/2011 15:27",
		"kernelCompositeInvert:size:" : "bf 3/8/2011 15:27",
		"kernelCompositeLighten:size:" : "bf 3/8/2011 15:27",
		"kernelCompositeMultiply:size:" : "bf 3/8/2011 15:27",
		"kernelCompositeOver:size:" : "bf 3/8/2011 15:27",
		"kernelCompositeOverlay:size:" : "bf 3/8/2011 15:27",
		"kernelCompositePlus:size:" : "bf 3/8/2011 15:27",
		"kernelCompositeScreen:size:" : "bf 3/8/2011 15:27",
		"kernelCompositeSoftLight:size:" : "bf 3/8/2011 15:27",
		"kernelCompositeSrc:size:" : "bf 3/8/2011 15:27",
		"kernelCompositeSrcAtop:size:" : "bf 3/8/2011 15:27",
		"kernelCompositeSrcIn:size:" : "bf 3/8/2011 15:27",
		"kernelCompositeSrcOut:size:" : "bf 3/8/2011 15:27",
		"kernelCompositeSubtract:size:" : "bf 3/8/2011 15:27",
		"kernelCompositeTextures:size:" : "bf 3/14/2011 20:28",
		"kernelCompositeUniformColorOverImageARGB32:size:" : "bf 11/18/2011 17:41",
		"kernelCompositeXor:size:" : "bf 3/8/2011 15:27",
		"kernelContrastiveOver:size:" : "bf 3/14/2011 20:28",
		"kernelFunnel:size:" : "bf 3/22/2011 19:47",
		"kernelGaussianBlur11x1:size:" : "bf 3/14/2011 20:28",
		"kernelGaussianBlur1x11:size:" : "bf 3/14/2011 20:28",
		"kernelGaussianBlur1x21:size:" : "bf 3/14/2011 20:28",
		"kernelGaussianBlur1x5:size:" : "bf 3/14/2011 20:28",
		"kernelGaussianBlur21x1:size:" : "bf 3/14/2011 20:28",
		"kernelGaussianBlur5x1:size:" : "bf 3/14/2011 20:28",
		"kernelInverseOver:size:" : "bf 3/14/2011 20:28",
		"kernelLinearGradient:size:" : "bf 11/18/2011 19:05",
		"kernelPadGradient:size:" : "bf 9/22/2011 14:51",
		"kernelPadTexture:size:" : "bf 9/22/2011 14:51",
		"kernelPipeline:size:" : "bf 3/9/2011 10:31",
		"kernelRadialGradient:size:" : "bf 9/22/2011 14:51",
		"kernelRasterize:size:" : "bf 3/8/2011 15:27",
		"kernelReadFromImageARGB32:size:" : "bf 11/18/2011 17:09",
		"kernelRectangleSpans:size:" : "bf 5/20/2011 18:01",
		"kernelReflectGradient:size:" : "bf 9/22/2011 14:51",
		"kernelReflectTexture:size:" : "bf 9/22/2011 14:51",
		"kernelRepeatGradient:size:" : "bf 9/22/2011 14:51",
		"kernelRepeatTexture:size:" : "bf 9/22/2011 14:51",
		"kernelStrokeBezierPath:size:" : "bf 5/31/2011 19:25",
		"kernelTransformBeziers:size:" : "bf 3/14/2011 20:28",
		"kernelTransformPoints:size:" : "bf 3/14/2011 20:28",
		"kernelUniformColor:size:" : "bf 3/14/2011 20:28",
		"kernelWriteToImageARGB32:size:" : "bf 11/18/2011 17:13",
		"loadArgumentMatrix:" : "yo 1/17/2011 20:00",
		"loadArgumentPoint:" : "yo 1/17/2011 19:59",
		"makePoint:and:" : "yo 1/17/2011 21:53",
		"matrix2x3TransformPoint:" : "yo 1/17/2011 20:02",
		"popKernel" : "bf 3/8/2011 15:49",
		"popKernels:" : "bf 3/8/2011 15:49",
		"primitiveErrorCode" : "bf 6/16/2011 10:41",
		"primitiveErrorItem" : "bf 3/14/2011 21:37",
		"primitiveErrorMessage" : "bf 3/14/2011 20:26",
		"primitiveExecuteThreads:memory:commands:" : "bf 6/16/2011 11:07",
		"primitiveNumberOfCores" : "bf 3/10/2011 15:01",
		"primitiveTransformPoint:" : "yo 1/17/2011 21:46",
		"primitiveTransformRect:into:" : "yo 1/17/2011 21:08",
		"pushKernel:" : "bf 3/14/2011 13:15",
		"reset" : "bf 7/20/2012 14:55",
		"shutdownModule" : "bf 3/8/2011 15:51",
		"storeRectangle:x0:y0:x1:y1:" : "yo 1/17/2011 20:37",
		"string:equals:len:" : "bf 8/10/2010 17:07",
		"topKernel" : "bf 3/8/2011 15:49" } }
