<NotepadPlus>
    <UserLang name="Cocol" ext="atg">
        <Settings>
            <Global caseIgnored="no" escapeChar="\" />
            <TreatAsSymbol comment="no" commentLine="no" />
            <Prefix words1="no" words2="yes" words3="no" words4="no" />
        </Settings>
        <KeywordLists>
            <Keywords name="Delimiters">000000</Keywords>
            <Keywords name="Folder+">(.</Keywords>
            <Keywords name="Folder-">.)</Keywords>
            <Keywords name="Operators">- # % [ ] ^ { | } + &lt; = &gt;</Keywords>
            <Keywords name="Comment"> 1/* 2*/ 0//</Keywords>
            <Keywords name="Words1">ANY CHARACTERS COMMENTS COMPILER CONTEXT END FROM IF IGNORE IGNORECASE NESTED out PRAGMAS PRODUCTIONS SYNC TO TOKENS WEAK</Keywords>
            <Keywords name="Words2">&quot; &apos;</Keywords>
            <Keywords name="Words3"></Keywords>
            <Keywords name="Words4"></Keywords>
        </KeywordLists>
        <Styles>
            <WordsStyle name="DEFAULT" styleID="11" fgColor="000000" bgColor="FFFFFF" fontStyle="0" />
            <WordsStyle name="FOLDEROPEN" styleID="12" fgColor="FF8040" bgColor="FFFFFF" fontStyle="3" />
            <WordsStyle name="FOLDERCLOSE" styleID="13" fgColor="FF8040" bgColor="FFFFFF" fontStyle="3" />
            <WordsStyle name="KEYWORD1" styleID="5" fgColor="0000FF" bgColor="FFFFFF" fontStyle="0" />
            <WordsStyle name="KEYWORD2" styleID="6" fgColor="0080C0" bgColor="FFFFFF" fontStyle="0" />
            <WordsStyle name="KEYWORD3" styleID="7" fgColor="FF8040" bgColor="FFFFFF" fontStyle="3" />
            <WordsStyle name="KEYWORD4" styleID="8" fgColor="000000" bgColor="FFFFFF" fontStyle="0" />
            <WordsStyle name="COMMENT" styleID="1" fgColor="008000" bgColor="FFFFFF" fontStyle="0" />
            <WordsStyle name="COMMENT LINE" styleID="2" fgColor="008000" bgColor="FFFFFF" fontStyle="0" />
            <WordsStyle name="NUMBER" styleID="4" fgColor="000000" bgColor="FFFFFF" fontStyle="0" />
            <WordsStyle name="OPERATOR" styleID="10" fgColor="FF0000" bgColor="FFFFFF" fontStyle="0" />
            <WordsStyle name="DELIMINER1" styleID="14" fgColor="000000" bgColor="FFFFFF" fontStyle="0" />
            <WordsStyle name="DELIMINER2" styleID="15" fgColor="000000" bgColor="FFFFFF" fontStyle="0" />
            <WordsStyle name="DELIMINER3" styleID="16" fgColor="000000" bgColor="FFFFFF" fontStyle="0" />
        </Styles>
    </UserLang>
</NotepadPlus>
