{
  "grammar" : {
    "tokens" : [
      "end_",
      "c",
      "d"
    ],
    "nonterminals" : {
      "accept_" : {
        "root_" : [
          {
            "name" : "S",
            "isToken" : false
          }
        ]
      },
      "S" : {
        "prod" : [
          {
            "name" : "C",
            "isToken" : false
          },
          {
            "name" : "C",
            "isToken" : false
          }
        ]
      },
      "C" : {
        "prod1" : [
          {
            "name" : "c",
            "isToken" : true
          },
          {
            "name" : "C",
            "isToken" : false
          }
        ],
        "prod2" : [
          {
            "name" : "d",
            "isToken" : true
          }
        ]
      }
    }
  },
  "table" : [
    {
      "index" : 0,
      "actions" : {
        "c" : {
          "shift" : 1,
          "reductions" : [
          ]
        },
        "d" : {
          "shift" : 2,
          "reductions" : [
          ]
        }
      },
      "gotos" : {
        "S" : 3,
        "C" : 4
      },
      "itemSet" : [
        {
          "production" : {
            "nonterminal" : "accept_",
            "production" : "root_"
          },
          "marker" : 0,
          "lookahead" : "end_"
        }
      ]
    },
    {
      "index" : 1,
      "actions" : {
        "c" : {
          "shift" : 1,
          "reductions" : [
          ]
        },
        "d" : {
          "shift" : 2,
          "reductions" : [
          ]
        }
      },
      "gotos" : {
        "C" : 5
      },
      "itemSet" : [
        {
          "production" : {
            "nonterminal" : "C",
            "production" : "prod1"
          },
          "marker" : 1,
          "lookahead" : "c"
        },
        {
          "production" : {
            "nonterminal" : "C",
            "production" : "prod1"
          },
          "marker" : 1,
          "lookahead" : "d"
        }
      ]
    },
    {
      "index" : 2,
      "actions" : {
        "c" : {
          "shift" : null,
          "reductions" : [
            {
              "nonterminal" : "C",
              "production" : "prod2"
            }
          ]
        },
        "d" : {
          "shift" : null,
          "reductions" : [
            {
              "nonterminal" : "C",
              "production" : "prod2"
            }
          ]
        }
      },
      "gotos" : {
      },
      "itemSet" : [
        {
          "production" : {
            "nonterminal" : "C",
            "production" : "prod2"
          },
          "marker" : 1,
          "lookahead" : "c"
        },
        {
          "production" : {
            "nonterminal" : "C",
            "production" : "prod2"
          },
          "marker" : 1,
          "lookahead" : "d"
        }
      ]
    },
    {
      "index" : 3,
      "actions" : {
        "end_" : {
          "shift" : null,
          "reductions" : [
            {
              "nonterminal" : "accept_",
              "production" : "root_"
            }
          ]
        }
      },
      "gotos" : {
      },
      "itemSet" : [
        {
          "production" : {
            "nonterminal" : "accept_",
            "production" : "root_"
          },
          "marker" : 1,
          "lookahead" : "end_"
        }
      ]
    },
    {
      "index" : 4,
      "actions" : {
        "c" : {
          "shift" : 6,
          "reductions" : [
          ]
        },
        "d" : {
          "shift" : 7,
          "reductions" : [
          ]
        }
      },
      "gotos" : {
        "C" : 8
      },
      "itemSet" : [
        {
          "production" : {
            "nonterminal" : "S",
            "production" : "prod"
          },
          "marker" : 1,
          "lookahead" : "end_"
        }
      ]
    },
    {
      "index" : 5,
      "actions" : {
        "c" : {
          "shift" : null,
          "reductions" : [
            {
              "nonterminal" : "C",
              "production" : "prod1"
            }
          ]
        },
        "d" : {
          "shift" : null,
          "reductions" : [
            {
              "nonterminal" : "C",
              "production" : "prod1"
            }
          ]
        }
      },
      "gotos" : {
      },
      "itemSet" : [
        {
          "production" : {
            "nonterminal" : "C",
            "production" : "prod1"
          },
          "marker" : 2,
          "lookahead" : "c"
        },
        {
          "production" : {
            "nonterminal" : "C",
            "production" : "prod1"
          },
          "marker" : 2,
          "lookahead" : "d"
        }
      ]
    },
    {
      "index" : 6,
      "actions" : {
        "c" : {
          "shift" : 6,
          "reductions" : [
          ]
        },
        "d" : {
          "shift" : 7,
          "reductions" : [
          ]
        }
      },
      "gotos" : {
        "C" : 9
      },
      "itemSet" : [
        {
          "production" : {
            "nonterminal" : "C",
            "production" : "prod1"
          },
          "marker" : 1,
          "lookahead" : "end_"
        }
      ]
    },
    {
      "index" : 7,
      "actions" : {
        "end_" : {
          "shift" : null,
          "reductions" : [
            {
              "nonterminal" : "C",
              "production" : "prod2"
            }
          ]
        }
      },
      "gotos" : {
      },
      "itemSet" : [
        {
          "production" : {
            "nonterminal" : "C",
            "production" : "prod2"
          },
          "marker" : 1,
          "lookahead" : "end_"
        }
      ]
    },
    {
      "index" : 8,
      "actions" : {
        "end_" : {
          "shift" : null,
          "reductions" : [
            {
              "nonterminal" : "S",
              "production" : "prod"
            }
          ]
        }
      },
      "gotos" : {
      },
      "itemSet" : [
        {
          "production" : {
            "nonterminal" : "S",
            "production" : "prod"
          },
          "marker" : 2,
          "lookahead" : "end_"
        }
      ]
    },
    {
      "index" : 9,
      "actions" : {
        "end_" : {
          "shift" : null,
          "reductions" : [
            {
              "nonterminal" : "C",
              "production" : "prod1"
            }
          ]
        }
      },
      "gotos" : {
      },
      "itemSet" : [
        {
          "production" : {
            "nonterminal" : "C",
            "production" : "prod1"
          },
          "marker" : 2,
          "lookahead" : "end_"
        }
      ]
    }
  ]
}