{
	"class" : {
		"benchmarkFor:" : "bf 3/9/2012 20:59",
		"cores" : "bf 3/9/2012 18:31",
		"downsample:" : "bf 6/8/2011 07:52",
		"example" : "bf 3/22/2011 20:10",
		"exampleBounds" : "bf 6/22/2011 01:37",
		"exampleFallingLetters" : "bf 6/8/2011 13:14",
		"exampleGradient" : "bf 11/18/2011 19:11",
		"exampleGradientRadial" : "bf 9/22/2011 16:20",
		"exampleJointsCaps" : "bf 10/18/2011 11:35",
		"examplePrim" : "bf 6/8/2011 14:23",
		"exampleSoftShadow" : "bf 10/17/2011 20:02",
		"exampleStroking" : "bf 5/31/2011 19:28",
		"extraKernels" : "bf 5/20/2011 17:42",
		"generateAll" : "bf 6/24/2011 17:16",
		"generateBuilders" : "bf 1/26/2011 17:33",
		"generateMBuilders" : "bf 1/11/2011 13:00",
		"generatePluginDispatch" : "bf 11/18/2011 19:05",
		"generatePluginKernels" : "bf 11/18/2011 19:05",
		"in:classified:compile:" : "bf 1/11/2011 13:02",
		"initialize" : "bf 3/12/2012 11:07",
		"kernelDefinitions" : "bf 11/18/2011 19:01",
		"kernelDefinitions2Do:" : "yo 5/13/2011 15:25",
		"kernelDefinitionsDo:" : "bf 8/13/2010 13:24",
		"kernelDefinitionsFromFile:" : "bf 9/22/2011 16:07",
		"optimizeNumberOfThreads" : "bf 3/12/2012 11:08",
		"showPipeline:" : "bf 10/15/2010 23:49",
		"systemKernels" : "bf 9/22/2011 16:07",
		"threads:" : "bf 3/9/2012 18:29" },
	"instance" : {
		"appendKernels:" : "bf 6/9/2011 16:23",
		"applyColorSpansSpans:" : "bf 9/22/2011 16:08",
		"applyTextureT:" : "bf 3/17/2011 13:14",
		"bicubicFilterT:" : "bf 3/17/2011 13:14",
		"bilinearFilterT:" : "bf 3/17/2011 13:14",
		"calculateBounds" : "bf 1/26/2011 17:34",
		"capture:" : "bf 1/26/2011 17:37",
		"clipBeziers:" : "bf 8/13/2010 21:49",
		"clipBeziersMinX:minY:maxX:maxY:" : "bf 1/26/2011 17:34",
		"colorSpanS1A:s1R:s1G:s1B:s2A:s2R:s2G:s2B:l:" : "bf 9/22/2011 15:49",
		"commandsSpecs" : "bf 10/17/2011 22:50",
		"commandsStringC" : "bf 10/17/2011 22:51",
		"commandsStringPostfix" : "bf 10/17/2011 22:51",
		"commandsStringPrefix" : "bf 10/17/2011 22:52",
		"compositeClear" : "bf 1/26/2011 17:34",
		"compositeColorBurn" : "bf 1/26/2011 17:34",
		"compositeColorDodge" : "bf 1/26/2011 17:34",
		"compositeDarken" : "bf 1/26/2011 17:34",
		"compositeDifference" : "bf 1/26/2011 17:34",
		"compositeDst" : "bf 1/26/2011 17:34",
		"compositeDstAtop" : "bf 1/26/2011 17:34",
		"compositeDstIn" : "bf 1/26/2011 17:34",
		"compositeDstOut" : "bf 1/26/2011 17:34",
		"compositeDstOver" : "bf 1/26/2011 17:34",
		"compositeExclusion" : "bf 1/26/2011 17:34",
		"compositeHardLight" : "bf 1/26/2011 17:34",
		"compositeInvert" : "bf 1/26/2011 17:34",
		"compositeLighten" : "bf 1/26/2011 17:34",
		"compositeMultiply" : "bf 1/26/2011 17:34",
		"compositeOver" : "bf 1/26/2011 17:34",
		"compositeOverlay" : "bf 1/26/2011 17:34",
		"compositePlus" : "bf 1/26/2011 17:34",
		"compositeScreen" : "bf 1/26/2011 17:34",
		"compositeSoftLight" : "bf 1/26/2011 17:34",
		"compositeSrc" : "bf 1/26/2011 17:34",
		"compositeSrcAtop" : "bf 1/26/2011 17:34",
		"compositeSrcIn" : "bf 1/26/2011 17:34",
		"compositeSrcOut" : "bf 1/26/2011 17:34",
		"compositeSubtract" : "bf 1/26/2011 17:34",
		"compositeTexturesT1:t2:c:" : "bf 3/17/2011 13:14",
		"compositeUniformColorCA:cR:cG:cB:overImageARGB32:" : "bf 3/21/2011 18:29",
		"compositeXor" : "bf 1/26/2011 17:34",
		"contrastiveOverA:" : "bf 1/26/2011 17:34",
		"feed:" : "bf 6/10/2011 11:34",
		"funnel" : "bf 3/22/2011 19:51",
		"gaussianBlur11x1F:t:" : "bf 3/17/2011 13:14",
		"gaussianBlur1x11F:t:" : "bf 3/17/2011 13:14",
		"gaussianBlur1x21F:t:" : "bf 3/17/2011 13:14",
		"gaussianBlur1x5F:t:" : "bf 3/17/2011 13:14",
		"gaussianBlur21x1F:t:" : "bf 3/17/2011 13:14",
		"gaussianBlur5x1F:t:" : "bf 3/17/2011 13:14",
		"inverseOverA:" : "bf 1/26/2011 17:34",
		"kernels" : "bf 5/24/2011 13:55",
		"kernels:" : "bf 6/9/2011 16:23",
		"linearGradientSX:sY:eX:eY:" : "bf 11/18/2011 19:08",
		"memory" : "bf 5/24/2011 15:06",
		"memory:" : "bf 5/24/2011 15:06",
		"memoryDefault" : "bf 6/16/2011 10:23",
		"padGradient" : "bf 9/22/2011 15:49",
		"padTextureDX:dY:" : "bf 9/22/2011 15:49",
		"pipeline:" : "bf 3/21/2011 23:51",
		"pluginMissing" : "bf 3/17/2011 13:51",
		"pluginName" : "bf 6/15/2011 11:23",
		"pour:" : "bf 5/24/2011 14:50",
		"pour:from:to:final:" : "bf 3/17/2011 14:02",
		"primErrorCode" : "bf 6/16/2011 10:47",
		"primErrorItem" : "bf 6/16/2011 10:16",
		"primErrorMessage" : "bf 6/16/2011 10:16",
		"primExecuteThreads:memory:commands:" : "bf 6/16/2011 11:02",
		"primNumberOfCores" : "bf 6/16/2011 10:16",
		"radialGradientCX:cY:r:" : "bf 9/22/2011 15:49",
		"rasterize" : "bf 3/17/2011 13:14",
		"readFromImageARGB32:" : "bf 3/17/2011 17:21",
		"rectangleSpansMinX:minY:maxX:maxY:" : "bf 5/20/2011 18:01",
		"reflectGradient" : "bf 9/22/2011 15:49",
		"reflectTextureDX:dY:" : "bf 9/22/2011 15:49",
		"repeatGradient" : "bf 9/22/2011 15:49",
		"repeatTextureDX:dY:" : "bf 9/22/2011 15:49",
		"strokeBezierPathW:l:c:" : "bf 5/31/2011 19:25",
		"sync" : "bf 12/15/2011 22:16",
		"syncIfNeeded" : "bf 11/11/2011 23:30",
		"threads" : "bf 5/24/2011 15:04",
		"threads:" : "bf 5/24/2011 15:02",
		"threadsDefault" : "bf 3/9/2012 19:01",
		"transformBeziers:" : "bf 8/13/2010 21:50",
		"transformBeziersMA:mB:mC:mD:mE:mF:" : "bf 1/26/2011 17:34",
		"transformPoints:" : "bf 8/13/2010 21:55",
		"transformPointsMA:mB:mC:mD:mE:mF:" : "bf 1/26/2011 17:34",
		"uniformColorCA:cR:cG:cB:" : "bf 1/26/2011 17:34",
		"writeToImageARGB32:" : "bf 3/17/2011 17:54" } }
