{
	"class" : {
		"LICENSE" : "yo 12/6/2012 13:23" },
	"instance" : {
		"call:with:" : "yo 12/6/2012 01:21",
		"console:" : "yo 12/6/2012 01:01",
		"fetchIntegerOf:from:" : "yo 12/6/2012 10:59",
		"fetchValueOf:from:" : "yo 12/6/2012 00:50",
		"getDstRegister:" : "yo 12/5/2012 23:58",
		"getFormalArguments:" : "yo 12/5/2012 22:57",
		"getInstructions:" : "yo 12/5/2012 23:01",
		"getLabelOfFuncDef:" : "yo 12/11/2012 15:23",
		"getLabelOfLocalLabel:" : "yo 12/11/2012 15:24",
		"getOpCode:" : "yo 12/5/2012 23:01",
		"getRegIndexOf:" : "yo 12/5/2012 23:00",
		"getRegTypeOf:" : "yo 12/5/2012 23:03",
		"getRegister:in:" : "yo 12/6/2012 11:00",
		"getSrcOperands:" : "yo 12/6/2012 00:38",
		"initialize" : "yo 12/11/2012 15:21",
		"interpret:with:whenReturn:" : "yo 12/11/2012 15:22",
		"lookup:in:or:" : "yo 12/11/2012 15:26",
		"lookupLiteral:" : "yo 12/5/2012 23:56",
		"preprocess:" : "yo 12/11/2012 15:24",
		"processDataDef:" : "yo 12/6/2012 10:37",
		"processFuncDef:" : "yo 12/11/2012 15:25",
		"reset" : "yo 12/5/2012 23:34",
		"run:" : "yo 12/6/2012 01:22",
		"setRegister:in:to:" : "yo 12/6/2012 00:40",
		"sizeOf:" : "yo 12/5/2012 22:37",
		"store:of:into:" : "yo 12/6/2012 00:53",
		"storeInteger:of:into:" : "yo 12/5/2012 23:57",
		"syscallWith:" : "yo 12/6/2012 01:05" } }
