{
	"class" : {
		"arc:" : "yo 9/1/2010 01:02",
		"arc:to:" : "yo 9/1/2010 00:48",
		"arc:to:center:radius:" : "yo 9/7/2010 13:59",
		"arcPoints:to:center:radius:" : "tak 5/10/2011 15:06",
		"build:" : "bf 10/7/2010 16:53",
		"line:to:" : "bf 8/30/2010 22:15",
		"noiseSamplesFrom:to:p:" : "yo 9/21/2012 15:47",
		"oval:" : "bf 10/28/2010 23:58",
		"path:" : "bf 9/1/2010 16:50",
		"polygon:" : "bf 8/26/2010 23:09",
		"polyline:" : "bf 9/3/2010 16:50",
		"rect:radii:" : "bf 10/18/2010 14:08",
		"rect:radii:edges:" : "bf 6/12/2012 17:30",
		"rect:radius:" : "bf 10/18/2010 13:04",
		"rect:radius:at:" : "bf 10/18/2010 14:18",
		"rect:radius:at:edges:" : "yo 10/27/2010 00:53",
		"sketchyLineFrom:to:p:" : "yo 9/21/2012 15:11",
		"sketchyPointsFrom:to:p:" : "yo 9/21/2012 15:47",
		"sketchyRect:" : "yo 9/21/2012 15:26" },
	"instance" : {
		"," : "bf 9/1/2010 16:58",
		"asClosedPath" : "yo 8/29/2012 20:42",
		"asFloatArray" : "bf 8/20/2010 17:26",
		"asGeziraPath" : "bf 2/18/2010 21:30",
		"bounds" : "bf 9/2/2010 14:57",
		"boundsWithTransform:" : "bf 10/11/2010 18:30",
		"boundsWithTransform:clip:stroke:" : "bf 6/11/2012 19:52",
		"boundsWithTransform:stroke:" : "bf 5/20/2011 18:14",
		"containsPoint:" : "bf 9/2/2010 14:58",
		"containsPoint:withTransform:" : "bf 10/11/2010 18:28",
		"containsPoint:withTransform:stroke:" : "bf 10/28/2011 13:54",
		"drawOn:" : "bf 8/31/2010 16:51",
		"endTangentTransform" : "tak 9/1/2011 16:15",
		"fill" : "bf 10/4/2010 12:23",
		"floats" : "bf 10/28/2010 12:25",
		"floats:" : "bf 10/28/2010 13:46",
		"isClosed" : "bf 10/7/2010 11:37",
		"isRectangularSeriesFrom:equalsTo:" : "yo 6/2/2011 15:15",
		"minMax" : "bf 10/15/2010 16:23",
		"minMaxWithTransform:" : "yo 8/29/2012 20:23",
		"points" : "bf 2/18/2010 21:37",
		"points:" : "bf 8/28/2010 12:50",
		"size" : "bf 8/20/2010 17:26",
		"startTangentTransform" : "tak 9/1/2011 16:14",
		"stroke" : "bf 10/4/2010 12:23",
		"transformedBy:" : "bf 5/24/2011 14:46",
		"withClosedContours" : "bf 10/28/2010 12:54",
		"withFill:stroke:strokeColor:" : "tak 5/6/2011 13:48" } }
