<?xml version="1.0" encoding="UTF-8"?>
<document version="1.0"><title>Printy Controls Namespace</title><summary></summary><author>Stefan Hauser</author><authoremail>mail@stefanhauser.net</authoremail><copyright>Copyright (c) 2005. All rights reserved.</copyright><keywords></keywords><topic id="!!SYMREF" type="folder"><title>Symbol Reference</title><topic id="net.stefanhauser.Printy.GUI.Controls" type="topic"><title>net.stefanhauser.Printy.GUI.Controls Namespace</title><remarks>This is namespace net.stefanhauser.Printy.GUI.Controls.</remarks><section name="Navigation"><table><tr><td>Class</td><td>Description</td></tr><tr><td> <link type="document" target="net.stefanhauser.Printy.GUI.Controls.AbstractParameterControl">AbstractParameterControl</link></td><td>Diese Klasse stellt eine abstrakte Basisklasse für alle Steuerelemente dar, mit deren Hilfe ein Printy-<link type="document" target="net.stefanhauser.Printy.GUI.Controls.AbstractParameterControl.Parameter">Parameter</link> adjustiert werden kann. Da es sich bei den meisten Steuerelementen um UserControls handelt, werden in dieser Klasse bereits die meisten Methoden des Interfaces IAdjustable implementiert, beispielsweise das Property <link type="document" target="net.stefanhauser.Printy.GUI.Controls.AbstractParameterControl.Parameter">Parameter</link>. </td></tr><tr><td> <link type="document" target="net.stefanhauser.Printy.GUI.Controls.IntegerConfigurator">IntegerConfigurator</link></td><td>Mit Hilfe dieses Steuerelementes können <link type="document" target="net.stefanhauser.Printy.GUI.Controls.AbstractParameterControl.Parameter">Parameter</link> der Form&#xD;
</td></tr><tr><td> <link type="document" target="net.stefanhauser.Printy.GUI.Controls.LineNumberElement">LineNumberElement</link></td><td>Mit diesem Steuerelement kann man den <link type="document" target="net.stefanhauser.Printy.GUI.Controls.AbstractParameterControl.Parameter">Parameter</link> "lineNum" einstellen. Dieser wird in der Textformatierung dazu verwendet, um Zeilennummern wahlweise anzuzeigen oder nicht.&#xD;
Zusätzlich kann mit diesem Steuerelement der Text unmittelbar vor bzw. nach der Zeilennummer eingestellt werden. </td></tr><tr><td> <link type="document" target="net.stefanhauser.Printy.GUI.Controls.ParameterCheckBox">ParameterCheckBox</link></td><td>Mit diesem Steuerelement können <link type="document" target="net.stefanhauser.Printy.GUI.Controls.AbstractParameterControl.Parameter">Parameter</link> eingestellt werden, die keinen zusätzlichen Wert benötigen. Der wichtigste Teil dieses Elementes ist die ausfüllende CheckBox </td></tr><tr><td> <link type="document" target="net.stefanhauser.Printy.GUI.Controls.ParanthesisElement">ParanthesisElement</link></td><td>Mit diesem Steuerelement kann man einstellen, welche Symbole als Klammern für Alternativen-Listen verwendet werden sollen.&#xD;
Hinweis: Da dieses Element die <link type="document" target="net.stefanhauser.Printy.GUI.Controls.AbstractParameterControl.Parameter">Parameter</link> "altParOpen" bzw "apo" und "altParClose" bzw. "apc" steuert, wird als Beschreibung des Parameters "altParOpenClose" verwendet. </td></tr><tr><td> <link type="document" target="net.stefanhauser.Printy.GUI.Controls.ProductionParameterElement">ProductionParameterElement</link></td><td>Mit diesem Steuerelement wird der <link type="document" target="net.stefanhauser.Printy.GUI.Controls.AbstractParameterControl.Parameter">Parameter</link> "name" gesteuert. Dieser bestimmt, ob eine einzige Produktion ausgegeben werden soll.&#xD;
Diese Klasse implementiert zusätzlich das Interface IProductionNames, welches die Namen der Produktionen setzt. Diese werden in einer ComboBox dargestellt.&#xD;
Sobald im Hauptfenster eine neue Datei geladen wird, liest ein Parser die Namen aller Produktionen aus. Diese werden im Anschluss mit einem entsprechenden Delegate in dieses Steuerelement geschrieben. </td></tr><tr><td> <link type="document" target="net.stefanhauser.Printy.GUI.Controls.SpaceCharElement">SpaceCharElement</link></td><td>Mit Hilfe dieses Steuerelements kann das Abstandszeichen zwischen den einzelnen Symbolen eingestellt werden. Per Standard wird dafür ein Leerzeichen verwendet. Sollte ein anderes Abstandszeichen verwendet werden sollen, kann dieses über eine TextBox eingegeben werden. Dabei dürden nur Characters verwendet werden. Zu lange Zeichenketten werden ignoriert. </td></tr></table></section><section name="Navigation"><table><tr><td></td><td>abstract</td></tr></table></section><section name="Navigation"><table><tr><td></td><td>abstract</td></tr></table></section><topic id="net.stefanhauser.Printy.GUI.Controls.AbstractParameterControl" type="topic"><title>AbstractParameterControl Class</title><summary>Diese Klasse stellt eine abstrakte Basisklasse für alle Steuerelemente dar, mit deren Hilfe ein Printy-<link type="document" target="net.stefanhauser.Printy.GUI.Controls.AbstractParameterControl.Parameter">Parameter</link> adjustiert werden kann. Da es sich bei den meisten Steuerelementen um UserControls handelt, werden in dieser Klasse bereits die meisten Methoden des Interfaces IAdjustable implementiert, beispielsweise das Property <link type="document" target="net.stefanhauser.Printy.GUI.Controls.AbstractParameterControl.Parameter">Parameter</link>. </summary><section name="C#"><b>public</b> <b>abstract</b> <b>class</b> AbstractParameterControl : UserControl, IAdjustable;</section><section name="Navigation"><table><tr><td>Field</td><td>Description</td></tr><tr><td> <link type="document" target="net.stefanhauser.Printy.GUI.Controls.AbstractParameterControl.handler">handler</link></td><td>This is handler, a member of class AbstractParameterControl.</td></tr></table></section><section name="Navigation"><table><tr><td></td><td>protected</td></tr><tr><td></td><td>Data Member</td></tr></table></section><section name="Navigation"><table><tr><td>Method</td><td>Description</td></tr><tr><td> <link type="document" target="net.stefanhauser.Printy.GUI.Controls.AbstractParameterControl.Reset">Reset</link></td><td>Diese abstrakte Methode muss in jeder erbenden Klasse implementiert werden. Sie dient dazu, das Steuerelement wieder in den Zustand zu versetzten, sodass bei der Abfrage des Properties <link type="document" target="net.stefanhauser.Printy.GUI.Controls.AbstractParameterControl.AdjustedParameter">AdjustedParameter</link> null geliefert wird.&#xD;
Das Steuerelement wird mit dieser Methode sozusagen in ihren Ausgangszustand versetzt. </td></tr><tr><td> <link type="document" target="net.stefanhauser.Printy.GUI.Controls.AbstractParameterControl.SetParameterEventHandler@ParameterEventHandler">SetParameterEventHandler</link></td><td>Setzt den ParameterEventListener für dieses Steuerelement. Dies passiert, sobald in der MainForm ein Steuerelement vom Typ IAdjustable hinzugefügt wird. Dabei wird das Element im ParameterManager registriert. </td></tr><tr><td> <link type="document" target="net.stefanhauser.Printy.GUI.Controls.AbstractParameterControl.SetupHelpProvider@HelpProvider">SetupHelpProvider</link></td><td>Konfiguriert den HelpProvider für das Steuerelement. Für jedes enthaltene Steuerelement wird dabei der Hilfetext aus dem Resource-File gesetzt. Der Key-String für den Hilfetext lautet "param_"[parameter], zB "param_e" für das Steuerelement EBNF. </td></tr></table></section><section name="Navigation"><table><tr><td></td><td>Method</td></tr><tr><td></td><td>abstract</td></tr></table></section><section name="Navigation"><table><tr><td>Property</td><td>Description</td></tr><tr><td> <link type="document" target="net.stefanhauser.Printy.GUI.Controls.AbstractParameterControl.AdjustedParameter">AdjustedParameter</link></td><td>Dieses Property liefert den durch das Steuerelement angepassten <link type="document" target="net.stefanhauser.Printy.GUI.Controls.AbstractParameterControl.Parameter">Parameter</link>. Befindet sich das Steuerelement im Ausgangs- oder Default-Zustand, so liefert diese Methode null </td></tr><tr><td> <link type="document" target="net.stefanhauser.Printy.GUI.Controls.AbstractParameterControl.Parameter">Parameter</link></td><td>Setzt oder liefert den Parameter, den das Steuerelement spezifizieren soll </td></tr></table></section><section name="Navigation"><table><tr><td></td><td>Property</td></tr><tr><td></td><td>abstract</td></tr></table></section><section name="Navigation"><table><tr><td></td><td>protected</td></tr><tr><td></td><td>Data Member</td></tr><tr><td></td><td>Method</td></tr><tr><td></td><td>abstract</td></tr><tr><td></td><td>Property</td></tr></table></section><section name="Navigation"><link type="document" target="net.stefanhauser.Printy.GUI.Controls">net.stefanhauser.Printy.GUI.Controls Namespace</link></section><section name="Navigation"><headline>Fields</headline><table><tr><td>Field</td><td>Description</td></tr><tr><td> <link type="document" target="net.stefanhauser.Printy.GUI.Controls.AbstractParameterControl.handler">handler</link></td><td>This is handler, a member of class AbstractParameterControl.</td></tr></table><headline>Methods</headline><table><tr><td>Method</td><td>Description</td></tr><tr><td> <link type="document" target="net.stefanhauser.Printy.GUI.Controls.AbstractParameterControl.Reset">Reset</link></td><td>Diese abstrakte Methode muss in jeder erbenden Klasse implementiert werden. Sie dient dazu, das Steuerelement wieder in den Zustand zu versetzten, sodass bei der Abfrage des Properties <link type="document" target="net.stefanhauser.Printy.GUI.Controls.AbstractParameterControl.AdjustedParameter">AdjustedParameter</link> null geliefert wird.&#xD;
Das Steuerelement wird mit dieser Methode sozusagen in ihren Ausgangszustand versetzt. </td></tr><tr><td> <link type="document" target="net.stefanhauser.Printy.GUI.Controls.AbstractParameterControl.SetParameterEventHandler@ParameterEventHandler">SetParameterEventHandler</link></td><td>Setzt den ParameterEventListener für dieses Steuerelement. Dies passiert, sobald in der MainForm ein Steuerelement vom Typ IAdjustable hinzugefügt wird. Dabei wird das Element im ParameterManager registriert. </td></tr><tr><td> <link type="document" target="net.stefanhauser.Printy.GUI.Controls.AbstractParameterControl.SetupHelpProvider@HelpProvider">SetupHelpProvider</link></td><td>Konfiguriert den HelpProvider für das Steuerelement. Für jedes enthaltene Steuerelement wird dabei der Hilfetext aus dem Resource-File gesetzt. Der Key-String für den Hilfetext lautet "param_"[parameter], zB "param_e" für das Steuerelement EBNF. </td></tr></table><headline>Properties</headline><table><tr><td>Property</td><td>Description</td></tr><tr><td> <link type="document" target="net.stefanhauser.Printy.GUI.Controls.AbstractParameterControl.AdjustedParameter">AdjustedParameter</link></td><td>Dieses Property liefert den durch das Steuerelement angepassten <link type="document" target="net.stefanhauser.Printy.GUI.Controls.AbstractParameterControl.Parameter">Parameter</link>. Befindet sich das Steuerelement im Ausgangs- oder Default-Zustand, so liefert diese Methode null </td></tr><tr><td> <link type="document" target="net.stefanhauser.Printy.GUI.Controls.AbstractParameterControl.Parameter">Parameter</link></td><td>Setzt oder liefert den Parameter, den das Steuerelement spezifizieren soll </td></tr></table></section><section name="Navigation"><table><tr><td></td><td>protected</td></tr><tr><td></td><td>Data Member</td></tr><tr><td></td><td>Method</td></tr><tr><td></td><td>abstract</td></tr><tr><td></td><td>Property</td></tr></table></section><section name="Navigation"><link type="document" target="AbstractParameterControl.cs">AbstractParameterControl.cs</link></section><section name="Class Hierarchy"></section><section name="File"><link type="document" target="AbstractParameterControl.cs">AbstractParameterControl.cs</link></section><topic id="!!MEMBERTYPE_Fields_net.stefanhauser.Printy.GUI.Controls.AbstractParameterControl" type="folder"><title>Fields</title><section name="Navigation"><link type="document" target="net.stefanhauser.Printy.GUI.Controls.AbstractParameterControl">AbstractParameterControl Class</link></section><topic id="net.stefanhauser.Printy.GUI.Controls.AbstractParameterControl.handler" type="topic"><title>AbstractParameterControl.handler Field</title><remarks>This is handler, a member of class AbstractParameterControl.</remarks><section name="C#"><b>protected</b> ParameterEventHandler handler;</section><section name="Navigation"><link type="document" target="net.stefanhauser.Printy.GUI.Controls.AbstractParameterControl">AbstractParameterControl Class</link></section></topic></topic><topic id="!!MEMBERTYPE_Methods_net.stefanhauser.Printy.GUI.Controls.AbstractParameterControl" type="folder"><title>Methods</title><section name="Navigation"><link type="document" target="net.stefanhauser.Printy.GUI.Controls.AbstractParameterControl">AbstractParameterControl Class</link></section><topic id="net.stefanhauser.Printy.GUI.Controls.AbstractParameterControl.Reset" type="topic"><title>AbstractParameterControl.Reset Method </title><summary>Diese abstrakte Methode muss in jeder erbenden Klasse implementiert werden. Sie dient dazu, das Steuerelement wieder in den Zustand zu versetzten, sodass bei der Abfrage des Properties <link type="document" target="net.stefanhauser.Printy.GUI.Controls.AbstractParameterControl.AdjustedParameter">AdjustedParameter</link> null geliefert wird.&#xD;
Das Steuerelement wird mit dieser Methode sozusagen in ihren Ausgangszustand versetzt. </summary><section name="C#"><b>public</b> <b>abstract</b> <b>void</b> Reset();</section><section name="Navigation"><link type="document" target="net.stefanhauser.Printy.GUI.Controls.AbstractParameterControl">AbstractParameterControl Class</link></section></topic><topic id="net.stefanhauser.Printy.GUI.Controls.AbstractParameterControl.SetParameterEventHandler@ParameterEventHandler" type="topic"><title>AbstractParameterControl.SetParameterEventHandler Method </title><summary>Setzt den ParameterEventListener für dieses Steuerelement. Dies passiert, sobald in der MainForm ein Steuerelement vom Typ IAdjustable hinzugefügt wird. Dabei wird das Element im ParameterManager registriert. </summary><section name="Parameters"><table><tr><td>Parameters</td><td>Description</td></tr><tr><td>ParameterEventHandler listener</td><td>Die Listener-Methode des ParameterManagers</td></tr></table></section><section name="C#"><b>public</b> <b>void</b> SetParameterEventHandler(ParameterEventHandler listener);</section><section name="Navigation"><link type="document" target="net.stefanhauser.Printy.GUI.Controls.AbstractParameterControl">AbstractParameterControl Class</link></section></topic><topic id="net.stefanhauser.Printy.GUI.Controls.AbstractParameterControl.SetupHelpProvider@HelpProvider" type="topic"><title>AbstractParameterControl.SetupHelpProvider Method </title><summary>Konfiguriert den HelpProvider für das Steuerelement. Für jedes enthaltene Steuerelement wird dabei der Hilfetext aus dem Resource-File gesetzt. Der Key-String für den Hilfetext lautet "param_"[parameter], zB "param_e" für das Steuerelement EBNF. </summary><section name="Parameters"><table><tr><td>Parameters</td><td>Description</td></tr><tr><td>HelpProvider helper</td><td></td></tr></table></section><section name="C#"><b>public</b> <b>void</b> SetupHelpProvider(HelpProvider helper);</section><section name="Navigation"><link type="document" target="net.stefanhauser.Printy.GUI.Controls.AbstractParameterControl">AbstractParameterControl Class</link></section></topic></topic><topic id="!!MEMBERTYPE_Properties_net.stefanhauser.Printy.GUI.Controls.AbstractParameterControl" type="folder"><title>Properties</title><section name="Navigation"><link type="document" target="net.stefanhauser.Printy.GUI.Controls.AbstractParameterControl">AbstractParameterControl Class</link></section><topic id="net.stefanhauser.Printy.GUI.Controls.AbstractParameterControl.AdjustedParameter" type="topic"><title>AbstractParameterControl.AdjustedParameter Property</title><summary>Dieses Property liefert den durch das Steuerelement angepassten <link type="document" target="net.stefanhauser.Printy.GUI.Controls.AbstractParameterControl.Parameter">Parameter</link>. Befindet sich das Steuerelement im Ausgangs- oder Default-Zustand, so liefert diese Methode null </summary><section name="C#"><b>public</b> <b>abstract</b> <b>string</b> AdjustedParameter;</section><section name="Navigation"><link type="document" target="net.stefanhauser.Printy.GUI.Controls.AbstractParameterControl">AbstractParameterControl Class</link></section></topic><topic id="net.stefanhauser.Printy.GUI.Controls.AbstractParameterControl.Parameter" type="topic"><title>AbstractParameterControl.Parameter Property</title><summary>Setzt oder liefert den Parameter, den das Steuerelement spezifizieren soll </summary><section name="C#"><b>public</b> <b>string</b> Parameter;</section><section name="Navigation"><link type="document" target="net.stefanhauser.Printy.GUI.Controls.AbstractParameterControl">AbstractParameterControl Class</link></section></topic></topic></topic><topic id="net.stefanhauser.Printy.GUI.Controls.IntegerConfigurator" type="topic"><title>IntegerConfigurator Class</title><summary>Mit Hilfe dieses Steuerelementes können <link type="document" target="net.stefanhauser.Printy.GUI.Controls.AbstractParameterControl.Parameter">Parameter</link> der Form&#xD;
<code>-[parameter] [number]</code>&#xD;
spezifiziert werden. Der Integer-Wert kann dabei über ein Steuerelement vom Typ NumericUpDown eingestellt werden. </summary><section name="C#"><b>public</b> <b>class</b> IntegerConfigurator : <link type="document" target="net.stefanhauser.Printy.GUI.Controls.AbstractParameterControl">AbstractParameterControl</link>;</section><section name="Navigation"><table><tr><td>Field</td><td>Description</td></tr><tr><td> <link type="document" target="net.stefanhauser.Printy.GUI.Controls.IntegerConfigurator.RequiresParameter">RequiresParameter</link></td><td>Diese Eigenschaft bestimmt, ob der numerische Wert für die Aktivierung des Parameters notwendig ist oder nicht. </td></tr></table><headline>AbstractParameterControl Class</headline><table><tr><td>AbstractParameterControl Class</td><td>Description</td></tr><tr><td> <link type="document" target="net.stefanhauser.Printy.GUI.Controls.AbstractParameterControl.handler">handler</link></td><td>This is handler, a member of class AbstractParameterControl.</td></tr></table></section><section name="Navigation"><table><tr><td></td><td>Data Member</td></tr><tr><td></td><td>protected</td></tr></table></section><section name="Navigation"><table><tr><td>Constructor</td><td>Description</td></tr><tr><td> <link type="document" target="net.stefanhauser.Printy.GUI.Controls.IntegerConfigurator.IntegerConfigurator">IntegerConfigurator</link></td><td>Erzeugt ein neues IntegerConfigurator-Objekt </td></tr></table></section><section name="Navigation"><table><tr><td></td><td>Method</td></tr></table></section><section name="Navigation"><table><tr><td>Method</td><td>Description</td></tr><tr><td> <link type="document" target="net.stefanhauser.Printy.GUI.Controls.IntegerConfigurator.Dispose@bool">Dispose</link></td><td>Clean up any resources being used. </td></tr><tr><td> <link type="document" target="net.stefanhauser.Printy.GUI.Controls.IntegerConfigurator.OnSizeChanged@EventArgs">OnSizeChanged</link></td><td>Wird aufgerufen, wenn sich die Größe des Steuerelementes ändert </td></tr><tr><td> <link type="document" target="net.stefanhauser.Printy.GUI.Controls.IntegerConfigurator.Reset">Reset</link></td><td>Bringt das Steuerelement wieder in den Ausgangszustand </td></tr></table><headline>AbstractParameterControl Class</headline><table><tr><td>AbstractParameterControl Class</td><td>Description</td></tr><tr><td> <link type="document" target="net.stefanhauser.Printy.GUI.Controls.AbstractParameterControl.Reset">Reset</link></td><td>Diese abstrakte Methode muss in jeder erbenden Klasse implementiert werden. Sie dient dazu, das Steuerelement wieder in den Zustand zu versetzten, sodass bei der Abfrage des Properties <link type="document" target="net.stefanhauser.Printy.GUI.Controls.AbstractParameterControl.AdjustedParameter">AdjustedParameter</link> null geliefert wird.&#xD;
Das Steuerelement wird mit dieser Methode sozusagen in ihren Ausgangszustand versetzt. </td></tr><tr><td> <link type="document" target="net.stefanhauser.Printy.GUI.Controls.AbstractParameterControl.SetParameterEventHandler@ParameterEventHandler">SetParameterEventHandler</link></td><td>Setzt den ParameterEventListener für dieses Steuerelement. Dies passiert, sobald in der MainForm ein Steuerelement vom Typ IAdjustable hinzugefügt wird. Dabei wird das Element im ParameterManager registriert. </td></tr><tr><td> <link type="document" target="net.stefanhauser.Printy.GUI.Controls.AbstractParameterControl.SetupHelpProvider@HelpProvider">SetupHelpProvider</link></td><td>Konfiguriert den HelpProvider für das Steuerelement. Für jedes enthaltene Steuerelement wird dabei der Hilfetext aus dem Resource-File gesetzt. Der Key-String für den Hilfetext lautet "param_"[parameter], zB "param_e" für das Steuerelement EBNF. </td></tr></table></section><section name="Navigation"><table><tr><td></td><td>protected</td></tr><tr><td></td><td>Method</td></tr><tr><td></td><td>abstract</td></tr></table></section><section name="Navigation"><table><tr><td>Property</td><td>Description</td></tr><tr><td> <link type="document" target="net.stefanhauser.Printy.GUI.Controls.IntegerConfigurator.AdjustedParameter">AdjustedParameter</link></td><td>Liefert den angepassten <link type="document" target="net.stefanhauser.Printy.GUI.Controls.AbstractParameterControl.Parameter">Parameter</link> </td></tr><tr><td> <link type="document" target="net.stefanhauser.Printy.GUI.Controls.IntegerConfigurator.Maximum">Maximum</link></td><td>Setzt oder liefert den Maximalwert des NumericUpDown-Steuerelementes </td></tr><tr><td> <link type="document" target="net.stefanhauser.Printy.GUI.Controls.IntegerConfigurator.Minimum">Minimum</link></td><td>Setzt oder liefert den Minimum-Wert des NumericUpDown-Steuerelementes </td></tr><tr><td> <link type="document" target="net.stefanhauser.Printy.GUI.Controls.IntegerConfigurator.Text">Text</link></td><td>Setzt oder liefert den Text der CheckBox </td></tr><tr><td> <link type="document" target="net.stefanhauser.Printy.GUI.Controls.IntegerConfigurator.Value">Value</link></td><td>Liefert den aktuellen Wert des NumericUpDown-Steuerelementes </td></tr></table><headline>AbstractParameterControl Class</headline><table><tr><td>AbstractParameterControl Class</td><td>Description</td></tr><tr><td> <link type="document" target="net.stefanhauser.Printy.GUI.Controls.AbstractParameterControl.AdjustedParameter">AdjustedParameter</link></td><td>Dieses Property liefert den durch das Steuerelement angepassten <link type="document" target="net.stefanhauser.Printy.GUI.Controls.AbstractParameterControl.Parameter">Parameter</link>. Befindet sich das Steuerelement im Ausgangs- oder Default-Zustand, so liefert diese Methode null </td></tr><tr><td> <link type="document" target="net.stefanhauser.Printy.GUI.Controls.AbstractParameterControl.Parameter">Parameter</link></td><td>Setzt oder liefert den Parameter, den das Steuerelement spezifizieren soll </td></tr></table></section><section name="Navigation"><table><tr><td></td><td>Property</td></tr><tr><td></td><td>abstract</td></tr></table></section><section name="Navigation"><table><tr><td></td><td>Data Member</td></tr><tr><td></td><td>protected</td></tr><tr><td></td><td>Method</td></tr><tr><td></td><td>abstract</td></tr><tr><td></td><td>Property</td></tr></table></section><section name="Navigation"><link type="document" target="net.stefanhauser.Printy.GUI.Controls">net.stefanhauser.Printy.GUI.Controls Namespace</link></section><section name="Navigation"><headline>Fields</headline><table><tr><td>Field</td><td>Description</td></tr><tr><td> <link type="document" target="net.stefanhauser.Printy.GUI.Controls.IntegerConfigurator.RequiresParameter">RequiresParameter</link></td><td>Diese Eigenschaft bestimmt, ob der numerische Wert für die Aktivierung des Parameters notwendig ist oder nicht. </td></tr></table><headline>AbstractParameterControl Class</headline><table><tr><td>AbstractParameterControl Class</td><td>Description</td></tr><tr><td> <link type="document" target="net.stefanhauser.Printy.GUI.Controls.AbstractParameterControl.handler">handler</link></td><td>This is handler, a member of class AbstractParameterControl.</td></tr></table><headline>Constructors</headline><table><tr><td>Constructor</td><td>Description</td></tr><tr><td> <link type="document" target="net.stefanhauser.Printy.GUI.Controls.IntegerConfigurator.IntegerConfigurator">IntegerConfigurator</link></td><td>Erzeugt ein neues IntegerConfigurator-Objekt </td></tr></table><headline>Methods</headline><table><tr><td>Method</td><td>Description</td></tr><tr><td> <link type="document" target="net.stefanhauser.Printy.GUI.Controls.IntegerConfigurator.Dispose@bool">Dispose</link></td><td>Clean up any resources being used. </td></tr><tr><td> <link type="document" target="net.stefanhauser.Printy.GUI.Controls.IntegerConfigurator.OnSizeChanged@EventArgs">OnSizeChanged</link></td><td>Wird aufgerufen, wenn sich die Größe des Steuerelementes ändert </td></tr><tr><td> <link type="document" target="net.stefanhauser.Printy.GUI.Controls.IntegerConfigurator.Reset">Reset</link></td><td>Bringt das Steuerelement wieder in den Ausgangszustand </td></tr></table><headline>AbstractParameterControl Class</headline><table><tr><td>AbstractParameterControl Class</td><td>Description</td></tr><tr><td> <link type="document" target="net.stefanhauser.Printy.GUI.Controls.AbstractParameterControl.Reset">Reset</link></td><td>Diese abstrakte Methode muss in jeder erbenden Klasse implementiert werden. Sie dient dazu, das Steuerelement wieder in den Zustand zu versetzten, sodass bei der Abfrage des Properties <link type="document" target="net.stefanhauser.Printy.GUI.Controls.AbstractParameterControl.AdjustedParameter">AdjustedParameter</link> null geliefert wird.&#xD;
Das Steuerelement wird mit dieser Methode sozusagen in ihren Ausgangszustand versetzt. </td></tr><tr><td> <link type="document" target="net.stefanhauser.Printy.GUI.Controls.AbstractParameterControl.SetParameterEventHandler@ParameterEventHandler">SetParameterEventHandler</link></td><td>Setzt den ParameterEventListener für dieses Steuerelement. Dies passiert, sobald in der MainForm ein Steuerelement vom Typ IAdjustable hinzugefügt wird. Dabei wird das Element im ParameterManager registriert. </td></tr><tr><td> <link type="document" target="net.stefanhauser.Printy.GUI.Controls.AbstractParameterControl.SetupHelpProvider@HelpProvider">SetupHelpProvider</link></td><td>Konfiguriert den HelpProvider für das Steuerelement. Für jedes enthaltene Steuerelement wird dabei der Hilfetext aus dem Resource-File gesetzt. Der Key-String für den Hilfetext lautet "param_"[parameter], zB "param_e" für das Steuerelement EBNF. </td></tr></table><headline>Properties</headline><table><tr><td>Property</td><td>Description</td></tr><tr><td> <link type="document" target="net.stefanhauser.Printy.GUI.Controls.IntegerConfigurator.AdjustedParameter">AdjustedParameter</link></td><td>Liefert den angepassten <link type="document" target="net.stefanhauser.Printy.GUI.Controls.AbstractParameterControl.Parameter">Parameter</link> </td></tr><tr><td> <link type="document" target="net.stefanhauser.Printy.GUI.Controls.IntegerConfigurator.Maximum">Maximum</link></td><td>Setzt oder liefert den Maximalwert des NumericUpDown-Steuerelementes </td></tr><tr><td> <link type="document" target="net.stefanhauser.Printy.GUI.Controls.IntegerConfigurator.Minimum">Minimum</link></td><td>Setzt oder liefert den Minimum-Wert des NumericUpDown-Steuerelementes </td></tr><tr><td> <link type="document" target="net.stefanhauser.Printy.GUI.Controls.IntegerConfigurator.Text">Text</link></td><td>Setzt oder liefert den Text der CheckBox </td></tr><tr><td> <link type="document" target="net.stefanhauser.Printy.GUI.Controls.IntegerConfigurator.Value">Value</link></td><td>Liefert den aktuellen Wert des NumericUpDown-Steuerelementes </td></tr></table><headline>AbstractParameterControl Class</headline><table><tr><td>AbstractParameterControl Class</td><td>Description</td></tr><tr><td> <link type="document" target="net.stefanhauser.Printy.GUI.Controls.AbstractParameterControl.AdjustedParameter">AdjustedParameter</link></td><td>Dieses Property liefert den durch das Steuerelement angepassten <link type="document" target="net.stefanhauser.Printy.GUI.Controls.AbstractParameterControl.Parameter">Parameter</link>. Befindet sich das Steuerelement im Ausgangs- oder Default-Zustand, so liefert diese Methode null </td></tr><tr><td> <link type="document" target="net.stefanhauser.Printy.GUI.Controls.AbstractParameterControl.Parameter">Parameter</link></td><td>Setzt oder liefert den Parameter, den das Steuerelement spezifizieren soll </td></tr></table></section><section name="Navigation"><table><tr><td></td><td>Data Member</td></tr><tr><td></td><td>protected</td></tr><tr><td></td><td>Method</td></tr><tr><td></td><td>abstract</td></tr><tr><td></td><td>Property</td></tr></table></section><section name="Navigation"><link type="document" target="IntegerConfigurator.cs">IntegerConfigurator.cs</link></section><section name="Class Hierarchy"></section><section name="File"><link type="document" target="IntegerConfigurator.cs">IntegerConfigurator.cs</link></section><topic id="!!MEMBERTYPE_Fields_net.stefanhauser.Printy.GUI.Controls.IntegerConfigurator" type="folder"><title>Fields</title><section name="Navigation"><link type="document" target="net.stefanhauser.Printy.GUI.Controls.IntegerConfigurator">IntegerConfigurator Class</link></section><topic id="net.stefanhauser.Printy.GUI.Controls.IntegerConfigurator.RequiresParameter" type="topic"><title>IntegerConfigurator.RequiresParameter Field</title><summary>Diese Eigenschaft bestimmt, ob der numerische Wert für die Aktivierung des Parameters notwendig ist oder nicht. </summary><section name="C#"><b>public</b> <b>bool</b> RequiresParameter = <b>true</b>;</section><section name="Navigation"><link type="document" target="net.stefanhauser.Printy.GUI.Controls.IntegerConfigurator">IntegerConfigurator Class</link></section></topic></topic><topic id="!!MEMBERTYPE_Constructors_net.stefanhauser.Printy.GUI.Controls.IntegerConfigurator" type="folder"><title>Constructors</title><section name="Navigation"><link type="document" target="net.stefanhauser.Printy.GUI.Controls.IntegerConfigurator">IntegerConfigurator Class</link></section><topic id="net.stefanhauser.Printy.GUI.Controls.IntegerConfigurator.IntegerConfigurator" type="topic"><title>IntegerConfigurator.IntegerConfigurator Constructor </title><summary>Erzeugt ein neues IntegerConfigurator-Objekt </summary><section name="C#"><b>public</b> IntegerConfigurator();</section><section name="Navigation"><link type="document" target="net.stefanhauser.Printy.GUI.Controls.IntegerConfigurator">IntegerConfigurator Class</link></section></topic></topic><topic id="!!MEMBERTYPE_Methods_net.stefanhauser.Printy.GUI.Controls.IntegerConfigurator" type="folder"><title>Methods</title><section name="Navigation"><link type="document" target="net.stefanhauser.Printy.GUI.Controls.IntegerConfigurator">IntegerConfigurator Class</link></section><topic id="net.stefanhauser.Printy.GUI.Controls.IntegerConfigurator.Dispose@bool" type="topic"><title>IntegerConfigurator.Dispose Method </title><summary>Clean up any resources being used. </summary><section name="C#"><b>protected</b> <b>override</b> <b>void</b> Dispose(<b>bool</b> disposing);</section><section name="Navigation"><link type="document" target="net.stefanhauser.Printy.GUI.Controls.IntegerConfigurator">IntegerConfigurator Class</link></section></topic><topic id="net.stefanhauser.Printy.GUI.Controls.IntegerConfigurator.OnSizeChanged@EventArgs" type="topic"><title>IntegerConfigurator.OnSizeChanged Method </title><summary>Wird aufgerufen, wenn sich die Größe des Steuerelementes ändert </summary><section name="Parameters"><table><tr><td>Parameters</td><td>Description</td></tr><tr><td>EventArgs e</td><td></td></tr></table></section><section name="C#"><b>protected</b> <b>override</b> <b>void</b> OnSizeChanged(EventArgs e);</section><section name="Navigation"><link type="document" target="net.stefanhauser.Printy.GUI.Controls.IntegerConfigurator">IntegerConfigurator Class</link></section></topic><topic id="net.stefanhauser.Printy.GUI.Controls.IntegerConfigurator.Reset" type="topic"><title>IntegerConfigurator.Reset Method </title><summary>Bringt das Steuerelement wieder in den Ausgangszustand </summary><section name="C#"><b>public</b> <b>override</b> <b>void</b> Reset();</section><section name="Navigation"><link type="document" target="net.stefanhauser.Printy.GUI.Controls.IntegerConfigurator">IntegerConfigurator Class</link></section></topic></topic><topic id="!!MEMBERTYPE_Properties_net.stefanhauser.Printy.GUI.Controls.IntegerConfigurator" type="folder"><title>Properties</title><section name="Navigation"><link type="document" target="net.stefanhauser.Printy.GUI.Controls.IntegerConfigurator">IntegerConfigurator Class</link></section><topic id="net.stefanhauser.Printy.GUI.Controls.IntegerConfigurator.AdjustedParameter" type="topic"><title>IntegerConfigurator.AdjustedParameter Property</title><summary>Liefert den angepassten <link type="document" target="net.stefanhauser.Printy.GUI.Controls.AbstractParameterControl.Parameter">Parameter</link> </summary><section name="C#"><b>public</b> <b>override</b> <b>string</b> AdjustedParameter;</section><section name="Navigation"><link type="document" target="net.stefanhauser.Printy.GUI.Controls.IntegerConfigurator">IntegerConfigurator Class</link></section></topic><topic id="net.stefanhauser.Printy.GUI.Controls.IntegerConfigurator.Maximum" type="topic"><title>IntegerConfigurator.Maximum Property</title><summary>Setzt oder liefert den Maximalwert des NumericUpDown-Steuerelementes </summary><section name="C#"><b>public</b> <b>decimal</b> Maximum;</section><section name="Navigation"><link type="document" target="net.stefanhauser.Printy.GUI.Controls.IntegerConfigurator">IntegerConfigurator Class</link></section></topic><topic id="net.stefanhauser.Printy.GUI.Controls.IntegerConfigurator.Minimum" type="topic"><title>IntegerConfigurator.Minimum Property</title><summary>Setzt oder liefert den Minimum-Wert des NumericUpDown-Steuerelementes </summary><section name="C#"><b>public</b> <b>decimal</b> Minimum;</section><section name="Navigation"><link type="document" target="net.stefanhauser.Printy.GUI.Controls.IntegerConfigurator">IntegerConfigurator Class</link></section></topic><topic id="net.stefanhauser.Printy.GUI.Controls.IntegerConfigurator.Text" type="topic"><title>IntegerConfigurator.Text Property</title><summary>Setzt oder liefert den Text der CheckBox </summary><section name="C#"><b>public</b> <b>new</b> <b>string</b> Text;</section><section name="Navigation"><link type="document" target="net.stefanhauser.Printy.GUI.Controls.IntegerConfigurator">IntegerConfigurator Class</link></section></topic><topic id="net.stefanhauser.Printy.GUI.Controls.IntegerConfigurator.Value" type="topic"><title>IntegerConfigurator.Value Property</title><summary>Liefert den aktuellen Wert des NumericUpDown-Steuerelementes </summary><section name="C#"><b>public</b> <b>object</b> Value;</section><section name="Navigation"><link type="document" target="net.stefanhauser.Printy.GUI.Controls.IntegerConfigurator">IntegerConfigurator Class</link></section></topic></topic></topic><topic id="net.stefanhauser.Printy.GUI.Controls.LineNumberElement" type="topic"><title>LineNumberElement Class</title><summary>Mit diesem Steuerelement kann man den <link type="document" target="net.stefanhauser.Printy.GUI.Controls.AbstractParameterControl.Parameter">Parameter</link> "lineNum" einstellen. Dieser wird in der Textformatierung dazu verwendet, um Zeilennummern wahlweise anzuzeigen oder nicht.&#xD;
Zusätzlich kann mit diesem Steuerelement der Text unmittelbar vor bzw. nach der Zeilennummer eingestellt werden. </summary><section name="C#"><b>public</b> <b>class</b> LineNumberElement : <link type="document" target="net.stefanhauser.Printy.GUI.Controls.AbstractParameterControl">AbstractParameterControl</link>;</section><section name="Navigation"><table><tr><td>Constructor</td><td>Description</td></tr><tr><td> <link type="document" target="net.stefanhauser.Printy.GUI.Controls.LineNumberElement.LineNumberElement">LineNumberElement</link></td><td>Erzeugt ein neues LineNumberElement-Objekt </td></tr></table></section><section name="Navigation"><table><tr><td></td><td>Method</td></tr></table></section><section name="Navigation"><table><tr><td>Method</td><td>Description</td></tr><tr><td> <link type="document" target="net.stefanhauser.Printy.GUI.Controls.LineNumberElement.Dispose@bool">Dispose</link></td><td>Clean up any resources being used. </td></tr><tr><td> <link type="document" target="net.stefanhauser.Printy.GUI.Controls.LineNumberElement.Reset">Reset</link></td><td>Bringt das Steuerelement wieder in den Ausgangszustand </td></tr><tr><td> <link type="document" target="net.stefanhauser.Printy.GUI.Controls.LineNumberElement.useLineNumbers_CheckedChanged@object@System.EventArgs">useLineNumbers_CheckedChanged</link></td><td>Wird intern aufgerufen, wenn sich der Checked-Wert der CheckBox ändert </td></tr></table><headline>AbstractParameterControl Class</headline><table><tr><td>AbstractParameterControl Class</td><td>Description</td></tr><tr><td> <link type="document" target="net.stefanhauser.Printy.GUI.Controls.AbstractParameterControl.Reset">Reset</link></td><td>Diese abstrakte Methode muss in jeder erbenden Klasse implementiert werden. Sie dient dazu, das Steuerelement wieder in den Zustand zu versetzten, sodass bei der Abfrage des Properties <link type="document" target="net.stefanhauser.Printy.GUI.Controls.AbstractParameterControl.AdjustedParameter">AdjustedParameter</link> null geliefert wird.&#xD;
Das Steuerelement wird mit dieser Methode sozusagen in ihren Ausgangszustand versetzt. </td></tr><tr><td> <link type="document" target="net.stefanhauser.Printy.GUI.Controls.AbstractParameterControl.SetParameterEventHandler@ParameterEventHandler">SetParameterEventHandler</link></td><td>Setzt den ParameterEventListener für dieses Steuerelement. Dies passiert, sobald in der MainForm ein Steuerelement vom Typ IAdjustable hinzugefügt wird. Dabei wird das Element im ParameterManager registriert. </td></tr><tr><td> <link type="document" target="net.stefanhauser.Printy.GUI.Controls.AbstractParameterControl.SetupHelpProvider@HelpProvider">SetupHelpProvider</link></td><td>Konfiguriert den HelpProvider für das Steuerelement. Für jedes enthaltene Steuerelement wird dabei der Hilfetext aus dem Resource-File gesetzt. Der Key-String für den Hilfetext lautet "param_"[parameter], zB "param_e" für das Steuerelement EBNF. </td></tr></table></section><section name="Navigation"><table><tr><td></td><td>protected</td></tr><tr><td></td><td>Method</td></tr><tr><td></td><td>abstract</td></tr></table></section><section name="Navigation"><table><tr><td>Property</td><td>Description</td></tr><tr><td> <link type="document" target="net.stefanhauser.Printy.GUI.Controls.LineNumberElement.AdjustedParameter">AdjustedParameter</link></td><td>Liefert den angepassten <link type="document" target="net.stefanhauser.Printy.GUI.Controls.AbstractParameterControl.Parameter">Parameter</link> </td></tr></table><headline>AbstractParameterControl Class</headline><table><tr><td>AbstractParameterControl Class</td><td>Description</td></tr><tr><td> <link type="document" target="net.stefanhauser.Printy.GUI.Controls.AbstractParameterControl.AdjustedParameter">AdjustedParameter</link></td><td>Dieses Property liefert den durch das Steuerelement angepassten <link type="document" target="net.stefanhauser.Printy.GUI.Controls.AbstractParameterControl.Parameter">Parameter</link>. Befindet sich das Steuerelement im Ausgangs- oder Default-Zustand, so liefert diese Methode null </td></tr><tr><td> <link type="document" target="net.stefanhauser.Printy.GUI.Controls.AbstractParameterControl.Parameter">Parameter</link></td><td>Setzt oder liefert den Parameter, den das Steuerelement spezifizieren soll </td></tr></table></section><section name="Navigation"><table><tr><td></td><td>Property</td></tr><tr><td></td><td>abstract</td></tr></table></section><section name="Navigation"><headline>AbstractParameterControl Class</headline><table><tr><td>AbstractParameterControl Class</td><td>Description</td></tr><tr><td> <link type="document" target="net.stefanhauser.Printy.GUI.Controls.AbstractParameterControl.handler">handler</link></td><td>This is handler, a member of class AbstractParameterControl.</td></tr></table></section><section name="Navigation"><table><tr><td></td><td>protected</td></tr><tr><td></td><td>Data Member</td></tr></table></section><section name="Navigation"><table><tr><td></td><td>Method</td></tr><tr><td></td><td>protected</td></tr><tr><td></td><td>abstract</td></tr><tr><td></td><td>Property</td></tr><tr><td></td><td>Data Member</td></tr></table></section><section name="Navigation"><link type="document" target="net.stefanhauser.Printy.GUI.Controls">net.stefanhauser.Printy.GUI.Controls Namespace</link></section><section name="Navigation"><headline>Constructors</headline><table><tr><td>Constructor</td><td>Description</td></tr><tr><td> <link type="document" target="net.stefanhauser.Printy.GUI.Controls.LineNumberElement.LineNumberElement">LineNumberElement</link></td><td>Erzeugt ein neues LineNumberElement-Objekt </td></tr></table><headline>Methods</headline><table><tr><td>Method</td><td>Description</td></tr><tr><td> <link type="document" target="net.stefanhauser.Printy.GUI.Controls.LineNumberElement.Dispose@bool">Dispose</link></td><td>Clean up any resources being used. </td></tr><tr><td> <link type="document" target="net.stefanhauser.Printy.GUI.Controls.LineNumberElement.Reset">Reset</link></td><td>Bringt das Steuerelement wieder in den Ausgangszustand </td></tr><tr><td> <link type="document" target="net.stefanhauser.Printy.GUI.Controls.LineNumberElement.useLineNumbers_CheckedChanged@object@System.EventArgs">useLineNumbers_CheckedChanged</link></td><td>Wird intern aufgerufen, wenn sich der Checked-Wert der CheckBox ändert </td></tr></table><headline>AbstractParameterControl Class</headline><table><tr><td>AbstractParameterControl Class</td><td>Description</td></tr><tr><td> <link type="document" target="net.stefanhauser.Printy.GUI.Controls.AbstractParameterControl.Reset">Reset</link></td><td>Diese abstrakte Methode muss in jeder erbenden Klasse implementiert werden. Sie dient dazu, das Steuerelement wieder in den Zustand zu versetzten, sodass bei der Abfrage des Properties <link type="document" target="net.stefanhauser.Printy.GUI.Controls.AbstractParameterControl.AdjustedParameter">AdjustedParameter</link> null geliefert wird.&#xD;
Das Steuerelement wird mit dieser Methode sozusagen in ihren Ausgangszustand versetzt. </td></tr><tr><td> <link type="document" target="net.stefanhauser.Printy.GUI.Controls.AbstractParameterControl.SetParameterEventHandler@ParameterEventHandler">SetParameterEventHandler</link></td><td>Setzt den ParameterEventListener für dieses Steuerelement. Dies passiert, sobald in der MainForm ein Steuerelement vom Typ IAdjustable hinzugefügt wird. Dabei wird das Element im ParameterManager registriert. </td></tr><tr><td> <link type="document" target="net.stefanhauser.Printy.GUI.Controls.AbstractParameterControl.SetupHelpProvider@HelpProvider">SetupHelpProvider</link></td><td>Konfiguriert den HelpProvider für das Steuerelement. Für jedes enthaltene Steuerelement wird dabei der Hilfetext aus dem Resource-File gesetzt. Der Key-String für den Hilfetext lautet "param_"[parameter], zB "param_e" für das Steuerelement EBNF. </td></tr></table><headline>Properties</headline><table><tr><td>Property</td><td>Description</td></tr><tr><td> <link type="document" target="net.stefanhauser.Printy.GUI.Controls.LineNumberElement.AdjustedParameter">AdjustedParameter</link></td><td>Liefert den angepassten <link type="document" target="net.stefanhauser.Printy.GUI.Controls.AbstractParameterControl.Parameter">Parameter</link> </td></tr></table><headline>AbstractParameterControl Class</headline><table><tr><td>AbstractParameterControl Class</td><td>Description</td></tr><tr><td> <link type="document" target="net.stefanhauser.Printy.GUI.Controls.AbstractParameterControl.AdjustedParameter">AdjustedParameter</link></td><td>Dieses Property liefert den durch das Steuerelement angepassten <link type="document" target="net.stefanhauser.Printy.GUI.Controls.AbstractParameterControl.Parameter">Parameter</link>. Befindet sich das Steuerelement im Ausgangs- oder Default-Zustand, so liefert diese Methode null </td></tr><tr><td> <link type="document" target="net.stefanhauser.Printy.GUI.Controls.AbstractParameterControl.Parameter">Parameter</link></td><td>Setzt oder liefert den Parameter, den das Steuerelement spezifizieren soll </td></tr></table><headline>Fields</headline><headline>AbstractParameterControl Class</headline><table><tr><td>AbstractParameterControl Class</td><td>Description</td></tr><tr><td> <link type="document" target="net.stefanhauser.Printy.GUI.Controls.AbstractParameterControl.handler">handler</link></td><td>This is handler, a member of class AbstractParameterControl.</td></tr></table></section><section name="Navigation"><table><tr><td></td><td>Method</td></tr><tr><td></td><td>protected</td></tr><tr><td></td><td>abstract</td></tr><tr><td></td><td>Property</td></tr><tr><td></td><td>Data Member</td></tr></table></section><section name="Navigation"><link type="document" target="LineNumberElement.cs">LineNumberElement.cs</link></section><section name="Class Hierarchy"></section><section name="File"><link type="document" target="LineNumberElement.cs">LineNumberElement.cs</link></section><topic id="!!MEMBERTYPE_Constructors_net.stefanhauser.Printy.GUI.Controls.LineNumberElement" type="folder"><title>Constructors</title><section name="Navigation"><link type="document" target="net.stefanhauser.Printy.GUI.Controls.LineNumberElement">LineNumberElement Class</link></section><topic id="net.stefanhauser.Printy.GUI.Controls.LineNumberElement.LineNumberElement" type="topic"><title>LineNumberElement.LineNumberElement Constructor </title><summary>Erzeugt ein neues LineNumberElement-Objekt </summary><section name="C#"><b>public</b> LineNumberElement();</section><section name="Navigation"><link type="document" target="net.stefanhauser.Printy.GUI.Controls.LineNumberElement">LineNumberElement Class</link></section></topic></topic><topic id="!!MEMBERTYPE_Methods_net.stefanhauser.Printy.GUI.Controls.LineNumberElement" type="folder">The trial version is limited to 30 topics, the body of this topic has been omitted.<topic id="net.stefanhauser.Printy.GUI.Controls.LineNumberElement.Dispose@bool" type="topic">The trial version is limited to 30 topics, the body of this topic has been omitted.</topic><topic id="net.stefanhauser.Printy.GUI.Controls.LineNumberElement.Reset" type="topic">The trial version is limited to 30 topics, the body of this topic has been omitted.</topic><topic id="net.stefanhauser.Printy.GUI.Controls.LineNumberElement.useLineNumbers_CheckedChanged@object@System.EventArgs" type="topic">The trial version is limited to 30 topics, the body of this topic has been omitted.</topic></topic><topic id="!!MEMBERTYPE_Properties_net.stefanhauser.Printy.GUI.Controls.LineNumberElement" type="folder">The trial version is limited to 30 topics, the body of this topic has been omitted.<topic id="net.stefanhauser.Printy.GUI.Controls.LineNumberElement.AdjustedParameter" type="topic">The trial version is limited to 30 topics, the body of this topic has been omitted.</topic></topic></topic><topic id="net.stefanhauser.Printy.GUI.Controls.ParameterCheckBox" type="topic">The trial version is limited to 30 topics, the body of this topic has been omitted.<topic id="!!MEMBERTYPE_Constructors_net.stefanhauser.Printy.GUI.Controls.ParameterCheckBox" type="folder">The trial version is limited to 30 topics, the body of this topic has been omitted.<topic id="net.stefanhauser.Printy.GUI.Controls.ParameterCheckBox.ParameterCheckBox" type="topic">The trial version is limited to 30 topics, the body of this topic has been omitted.</topic></topic><topic id="!!MEMBERTYPE_Methods_net.stefanhauser.Printy.GUI.Controls.ParameterCheckBox" type="folder">The trial version is limited to 30 topics, the body of this topic has been omitted.<topic id="net.stefanhauser.Printy.GUI.Controls.ParameterCheckBox.Dispose@bool" type="topic">The trial version is limited to 30 topics, the body of this topic has been omitted.</topic><topic id="net.stefanhauser.Printy.GUI.Controls.ParameterCheckBox.OnSizeChanged@EventArgs" type="topic">The trial version is limited to 30 topics, the body of this topic has been omitted.</topic><topic id="net.stefanhauser.Printy.GUI.Controls.ParameterCheckBox.Reset" type="topic">The trial version is limited to 30 topics, the body of this topic has been omitted.</topic></topic><topic id="!!MEMBERTYPE_Properties_net.stefanhauser.Printy.GUI.Controls.ParameterCheckBox" type="folder">The trial version is limited to 30 topics, the body of this topic has been omitted.<topic id="net.stefanhauser.Printy.GUI.Controls.ParameterCheckBox.AdjustedParameter" type="topic">The trial version is limited to 30 topics, the body of this topic has been omitted.</topic><topic id="net.stefanhauser.Printy.GUI.Controls.ParameterCheckBox.Checked" type="topic">The trial version is limited to 30 topics, the body of this topic has been omitted.</topic><topic id="net.stefanhauser.Printy.GUI.Controls.ParameterCheckBox.Text" type="topic">The trial version is limited to 30 topics, the body of this topic has been omitted.</topic></topic></topic><topic id="net.stefanhauser.Printy.GUI.Controls.ParanthesisElement" type="topic">The trial version is limited to 30 topics, the body of this topic has been omitted.<topic id="!!MEMBERTYPE_Fields_net.stefanhauser.Printy.GUI.Controls.ParanthesisElement" type="folder">The trial version is limited to 30 topics, the body of this topic has been omitted.<topic id="net.stefanhauser.Printy.GUI.Controls.ParanthesisElement.LeftParanthesis" type="topic">The trial version is limited to 30 topics, the body of this topic has been omitted.</topic><topic id="net.stefanhauser.Printy.GUI.Controls.ParanthesisElement.RightParanthesis" type="topic">The trial version is limited to 30 topics, the body of this topic has been omitted.</topic></topic><topic id="!!MEMBERTYPE_Constructors_net.stefanhauser.Printy.GUI.Controls.ParanthesisElement" type="folder">The trial version is limited to 30 topics, the body of this topic has been omitted.<topic id="net.stefanhauser.Printy.GUI.Controls.ParanthesisElement.ParanthesisElement" type="topic">The trial version is limited to 30 topics, the body of this topic has been omitted.</topic></topic><topic id="!!MEMBERTYPE_Methods_net.stefanhauser.Printy.GUI.Controls.ParanthesisElement" type="folder">The trial version is limited to 30 topics, the body of this topic has been omitted.<topic id="net.stefanhauser.Printy.GUI.Controls.ParanthesisElement.Dispose@bool" type="topic">The trial version is limited to 30 topics, the body of this topic has been omitted.</topic><topic id="net.stefanhauser.Printy.GUI.Controls.ParanthesisElement.Reset" type="topic">The trial version is limited to 30 topics, the body of this topic has been omitted.</topic></topic><topic id="!!MEMBERTYPE_Properties_net.stefanhauser.Printy.GUI.Controls.ParanthesisElement" type="folder">The trial version is limited to 30 topics, the body of this topic has been omitted.<topic id="net.stefanhauser.Printy.GUI.Controls.ParanthesisElement.AdjustedParameter" type="topic">The trial version is limited to 30 topics, the body of this topic has been omitted.</topic></topic></topic><topic id="net.stefanhauser.Printy.GUI.Controls.ProductionParameterElement" type="topic">The trial version is limited to 30 topics, the body of this topic has been omitted.<topic id="!!MEMBERTYPE_Constructors_net.stefanhauser.Printy.GUI.Controls.ProductionParameterElement" type="folder">The trial version is limited to 30 topics, the body of this topic has been omitted.<topic id="net.stefanhauser.Printy.GUI.Controls.ProductionParameterElement.ProductionParameterElement" type="topic">The trial version is limited to 30 topics, the body of this topic has been omitted.</topic></topic><topic id="!!MEMBERTYPE_Methods_net.stefanhauser.Printy.GUI.Controls.ProductionParameterElement" type="folder">The trial version is limited to 30 topics, the body of this topic has been omitted.<topic id="net.stefanhauser.Printy.GUI.Controls.ProductionParameterElement.Dispose@bool" type="topic">The trial version is limited to 30 topics, the body of this topic has been omitted.</topic><topic id="net.stefanhauser.Printy.GUI.Controls.ProductionParameterElement.Reset" type="topic">The trial version is limited to 30 topics, the body of this topic has been omitted.</topic></topic><topic id="!!MEMBERTYPE_Properties_net.stefanhauser.Printy.GUI.Controls.ProductionParameterElement" type="folder">The trial version is limited to 30 topics, the body of this topic has been omitted.<topic id="net.stefanhauser.Printy.GUI.Controls.ProductionParameterElement.AdjustedParameter" type="topic">The trial version is limited to 30 topics, the body of this topic has been omitted.</topic><topic id="net.stefanhauser.Printy.GUI.Controls.ProductionParameterElement.ProductionNames" type="topic">The trial version is limited to 30 topics, the body of this topic has been omitted.</topic></topic></topic><topic id="net.stefanhauser.Printy.GUI.Controls.SpaceCharElement" type="topic">The trial version is limited to 30 topics, the body of this topic has been omitted.<topic id="!!MEMBERTYPE_Constructors_net.stefanhauser.Printy.GUI.Controls.SpaceCharElement" type="folder">The trial version is limited to 30 topics, the body of this topic has been omitted.<topic id="net.stefanhauser.Printy.GUI.Controls.SpaceCharElement.SpaceCharElement" type="topic">The trial version is limited to 30 topics, the body of this topic has been omitted.</topic></topic><topic id="!!MEMBERTYPE_Methods_net.stefanhauser.Printy.GUI.Controls.SpaceCharElement" type="folder">The trial version is limited to 30 topics, the body of this topic has been omitted.<topic id="net.stefanhauser.Printy.GUI.Controls.SpaceCharElement.Dispose@bool" type="topic">The trial version is limited to 30 topics, the body of this topic has been omitted.</topic><topic id="net.stefanhauser.Printy.GUI.Controls.SpaceCharElement.Reset" type="topic">The trial version is limited to 30 topics, the body of this topic has been omitted.</topic><topic id="net.stefanhauser.Printy.GUI.Controls.SpaceCharElement.SelectionChanged@object@EventArgs" type="topic">The trial version is limited to 30 topics, the body of this topic has been omitted.</topic></topic><topic id="!!MEMBERTYPE_Properties_net.stefanhauser.Printy.GUI.Controls.SpaceCharElement" type="folder">The trial version is limited to 30 topics, the body of this topic has been omitted.<topic id="net.stefanhauser.Printy.GUI.Controls.SpaceCharElement.AdjustedParameter" type="topic">The trial version is limited to 30 topics, the body of this topic has been omitted.</topic></topic></topic></topic><topic id="!!FILES" type="folder">The trial version is limited to 30 topics, the body of this topic has been omitted.<topic id="AbstractParameterControl.cs" type="topic">The trial version is limited to 30 topics, the body of this topic has been omitted.</topic><topic id="AssemblyInfo.cs" type="topic">The trial version is limited to 30 topics, the body of this topic has been omitted.</topic><topic id="IntegerConfigurator.cs" type="topic">The trial version is limited to 30 topics, the body of this topic has been omitted.</topic><topic id="LineNumberElement.cs" type="topic">The trial version is limited to 30 topics, the body of this topic has been omitted.</topic><topic id="ParameterCheckBox.cs" type="topic">The trial version is limited to 30 topics, the body of this topic has been omitted.</topic><topic id="ParanthesisElement.cs" type="topic">The trial version is limited to 30 topics, the body of this topic has been omitted.</topic><topic id="ProductionParameterElement.cs" type="topic">The trial version is limited to 30 topics, the body of this topic has been omitted.</topic><topic id="SpaceCharElement.cs" type="topic">The trial version is limited to 30 topics, the body of this topic has been omitted.</topic></topic></topic></document>