{
	"class" : {
		 },
	"instance" : {
		"build:" : "yo 12/4/2012 16:05",
		"dataDefString" : "yo 12/6/2012 11:03",
		"fibString" : "yo 12/11/2012 15:27",
		"funcDefString" : "yo 12/6/2012 11:16",
		"funcDefString2" : "yo 12/6/2012 11:16",
		"helloWorldString" : "yo 12/6/2012 11:12",
		"testComment" : "yo 12/6/2012 11:06",
		"testDataDef" : "yo 12/6/2012 11:06",
		"testFuncDef" : "yo 12/6/2012 11:17",
		"testFuncDef2" : "yo 12/6/2012 11:17",
		"testGlobalLabel" : "yo 12/4/2012 16:22",
		"testInstruction" : "yo 12/6/2012 11:08",
		"testInstructionStmt" : "yo 12/5/2012 22:29",
		"testInstructionStmts" : "yo 12/4/2012 16:39",
		"testLiteral" : "yo 12/5/2012 22:26",
		"testLocalLabel" : "yo 12/4/2012 16:22",
		"testNumbers" : "yo 12/5/2012 23:46",
		"testRegRef" : "yo 12/6/2012 11:08",
		"testStart" : "yo 12/6/2012 11:10",
		"triples:" : "yo 12/4/2012 16:08" } }
