{
  "kind": "BLOCKLIST",
  "num_children": 4,
  "children": [
    {
      "kind": "CONSTLIST",
      "num_children": 1,
      "children": [
        {
          "kind": "CONST",
          "num_children": 2,
          "children": [
            {
              "kind": "IDENT",
              "num_children": 0,
              "children": []
            },
            {
              "kind": "NUM",
              "num_children": 0,
              "children": []
            }
          ]
        }
      ]
    },
    {
      "kind": "VARLIST",
      "num_children": 3,
      "children": [
        {
          "kind": "IDENT",
          "num_children": 1,
          "children": [
            {
              "kind": "IDENT",
              "num_children": 0,
              "children": []
            }
          ]
        },
        {
          "kind": "IDENT",
          "num_children": 0,
          "children": []
        },
        {
          "kind": "IDENT",
          "num_children": 0,
          "children": []
        }
      ]
    },
    {
      "kind": "PROCLIST",
      "num_children": 2,
      "children": [
        {
          "kind": "PROC",
          "num_children": 1,
          "children": [
            {
              "kind": "IDENT",
              "num_children": 0,
              "children": []
            }
          ]
        },
        {
          "kind": "BEGIN",
          "num_children": 2,
          "children": [
            {
              "kind": "STATEMENT",
              "num_children": 1,
              "children": [
                {
                  "kind": "IDENT",
                  "num_children": 2,
                  "children": [
                    {
                      "kind": "IDENT",
                      "num_children": 0,
                      "children": []
                    },
                    {
                      "kind": "EXPRS",
                      "num_children": 1,
                      "children": [
                        {
                          "kind": "EXPRS",
                          "num_children": 1,
                          "children": [
                            {
                              "kind": "NUM",
                              "num_children": 1,
                              "children": [
                                {
                                  "kind": "NUM",
                                  "num_children": 0,
                                  "children": []
                                }
                              ]
                            }
                          ]
                        }
                      ]
                    }
                  ]
                }
              ]
            },
            {
              "kind": "STATEMENT",
              "num_children": 1,
              "children": [
                {
                  "kind": "WHILE",
                  "num_children": 2,
                  "children": [
                    {
                      "kind": "BINEXPR",
                      "num_children": 3,
                      "children": [
                        {
                          "kind": "LT",
                          "num_children": 0,
                          "children": []
                        },
                        {
                          "kind": "EXPRS",
                          "num_children": 1,
                          "children": [
                            {
                              "kind": "EXPRS",
                              "num_children": 1,
                              "children": [
                                {
                                  "kind": "IDENT",
                                  "num_children": 1,
                                  "children": [
                                    {
                                      "kind": "IDENT",
                                      "num_children": 0,
                                      "children": []
                                    }
                                  ]
                                }
                              ]
                            }
                          ]
                        },
                        {
                          "kind": "EXPRS",
                          "num_children": 1,
                          "children": [
                            {
                              "kind": "EXPRS",
                              "num_children": 1,
                              "children": [
                                {
                                  "kind": "IDENT",
                                  "num_children": 1,
                                  "children": [
                                    {
                                      "kind": "IDENT",
                                      "num_children": 0,
                                      "children": []
                                    }
                                  ]
                                }
                              ]
                            }
                          ]
                        }
                      ]
                    },
                    {
                      "kind": "BEGIN",
                      "num_children": 3,
                      "children": [
                        {
                          "kind": "STATEMENT",
                          "num_children": 1,
                          "children": [
                            {
                              "kind": "CALL",
                              "num_children": 1,
                              "children": [
                                {
                                  "kind": "IDENT",
                                  "num_children": 0,
                                  "children": []
                                }
                              ]
                            }
                          ]
                        },
                        {
                          "kind": "STATEMENT",
                          "num_children": 1,
                          "children": [
                            {
                              "kind": "IF",
                              "num_children": 2,
                              "children": [
                                {
                                  "kind": "BINEXPR",
                                  "num_children": 3,
                                  "children": [
                                    {
                                      "kind": "EQ",
                                      "num_children": 0,
                                      "children": []
                                    },
                                    {
                                      "kind": "EXPRS",
                                      "num_children": 1,
                                      "children": [
                                        {
                                          "kind": "EXPRS",
                                          "num_children": 1,
                                          "children": [
                                            {
                                              "kind": "IDENT",
                                              "num_children": 1,
                                              "children": [
                                                {
                                                  "kind": "IDENT",
                                                  "num_children": 0,
                                                  "children": []
                                                }
                                              ]
                                            }
                                          ]
                                        }
                                      ]
                                    },
                                    {
                                      "kind": "EXPRS",
                                      "num_children": 1,
                                      "children": [
                                        {
                                          "kind": "EXPRS",
                                          "num_children": 1,
                                          "children": [
                                            {
                                              "kind": "NUM",
                                              "num_children": 1,
                                              "children": [
                                                {
                                                  "kind": "NUM",
                                                  "num_children": 0,
                                                  "children": []
                                                }
                                              ]
                                            }
                                          ]
                                        }
                                      ]
                                    }
                                  ]
                                },
                                {
                                  "kind": "WRITE",
                                  "num_children": 1,
                                  "children": [
                                    {
                                      "kind": "IDENT",
                                      "num_children": 0,
                                      "children": []
                                    }
                                  ]
                                }
                              ]
                            }
                          ]
                        },
                        {
                          "kind": "STATEMENT",
                          "num_children": 1,
                          "children": [
                            {
                              "kind": "IDENT",
                              "num_children": 2,
                              "children": [
                                {
                                  "kind": "IDENT",
                                  "num_children": 0,
                                  "children": []
                                },
                                {
                                  "kind": "EXPRS",
                                  "num_children": 2,
                                  "children": [
                                    {
                                      "kind": "EXPRS",
                                      "num_children": 1,
                                      "children": [
                                        {
                                          "kind": "IDENT",
                                          "num_children": 1,
                                          "children": [
                                            {
                                              "kind": "IDENT",
                                              "num_children": 0,
                                              "children": []
                                            }
                                          ]
                                        }
                                      ]
                                    },
                                    {
                                      "kind": "BINEXPR",
                                      "num_children": 2,
                                      "children": [
                                        {
                                          "kind": "PLUS",
                                          "num_children": 0,
                                          "children": []
                                        },
                                        {
                                          "kind": "EXPRS",
                                          "num_children": 1,
                                          "children": [
                                            {
                                              "kind": "NUM",
                                              "num_children": 1,
                                              "children": [
                                                {
                                                  "kind": "NUM",
                                                  "num_children": 0,
                                                  "children": []
                                                }
                                              ]
                                            }
                                          ]
                                        }
                                      ]
                                    }
                                  ]
                                }
                              ]
                            }
                          ]
                        }
                      ]
                    }
                  ]
                }
              ]
            }
          ]
        }
      ]
    },
    {
      "kind": "PROCLIST",
      "num_children": 1,
      "children": [
        {
          "kind": "CALL",
          "num_children": 1,
          "children": [
            {
              "kind": "IDENT",
              "num_children": 0,
              "children": []
            }
          ]
        }
      ]
    }
  ]
}
