{
  "context": {
    "date": "2022-03-09T08:38:46+00:00",
    "host_name": "skvadr",
    "executable": "./bench_submatch_dfa_jit",
    "num_cpus": 12,
    "mhz_per_cpu": 4025,
    "cpu_scaling_enabled": false,
    "caches": [
      {
        "type": "Data",
        "level": 1,
        "size": 32768,
        "num_sharing": 2
      },
      {
        "type": "Instruction",
        "level": 1,
        "size": 32768,
        "num_sharing": 2
      },
      {
        "type": "Unified",
        "level": 2,
        "size": 262144,
        "num_sharing": 2
      },
      {
        "type": "Unified",
        "level": 3,
        "size": 9437184,
        "num_sharing": 12
      }
    ],
    "load_avg": [1.06,1,0.73],
    "library_build_type": "release"
  },
  "benchmarks": [
    {
      "name": "http-rfc7230-regcomp_last-offset",
      "family_index": 0,
      "per_family_instance_index": 0,
      "run_name": "http-rfc7230-regcomp_last-offset",
      "run_type": "iteration",
      "repetitions": 1,
      "repetition_index": 0,
      "threads": 1,
      "iterations": 1,
      "real_time": 9.5396326193585992e+06,
      "cpu_time": 9.5395878959999997e+06,
      "time_unit": "us",
      "captures": 1.8400000000000000e+02,
      "regsize": 6.2040000000000000e+03
    },
    {
      "name": "http-rfc7230-regcomp_multipass-last-offset",
      "family_index": 1,
      "per_family_instance_index": 0,
      "run_name": "http-rfc7230-regcomp_multipass-last-offset",
      "run_type": "iteration",
      "repetitions": 1,
      "repetition_index": 0,
      "threads": 1,
      "iterations": 8,
      "real_time": 8.8342359464149922e+04,
      "cpu_time": 8.8341690999999890e+04,
      "time_unit": "us",
      "captures": 1.8400000000000000e+02,
      "regsize": 6.2040000000000000e+03
    },
    {
      "name": "http-rfc7230-regcomp_all-offsets",
      "family_index": 2,
      "per_family_instance_index": 0,
      "run_name": "http-rfc7230-regcomp_all-offsets",
      "run_type": "iteration",
      "repetitions": 1,
      "repetition_index": 0,
      "threads": 1,
      "iterations": 1,
      "real_time": 1.0346252539195120e+07,
      "cpu_time": 1.0346214342000002e+07,
      "time_unit": "us",
      "captures": 1.8400000000000000e+02,
      "regsize": 6.2040000000000000e+03
    },
    {
      "name": "http-rfc7230-regcomp_multipass-all-offsets",
      "family_index": 3,
      "per_family_instance_index": 0,
      "run_name": "http-rfc7230-regcomp_multipass-all-offsets",
      "run_type": "iteration",
      "repetitions": 1,
      "repetition_index": 0,
      "threads": 1,
      "iterations": 8,
      "real_time": 8.7615748285315931e+04,
      "cpu_time": 8.7615206625000224e+04,
      "time_unit": "us",
      "captures": 1.8400000000000000e+02,
      "regsize": 6.2040000000000000e+03
    },
    {
      "name": "http-rfc7230-regexec_last-offset",
      "family_index": 4,
      "per_family_instance_index": 0,
      "run_name": "http-rfc7230-regexec_last-offset",
      "run_type": "iteration",
      "repetitions": 1,
      "repetition_index": 0,
      "threads": 1,
      "iterations": 9017,
      "real_time": 7.8393495138133460e+01,
      "cpu_time": 7.8393057779749867e+01,
      "time_unit": "us",
      "captures": 1.8400000000000000e+02,
      "regsize": 6.2040000000000000e+03
    },
    {
      "name": "http-rfc7230-regexec_multipass-last-offset",
      "family_index": 5,
      "per_family_instance_index": 0,
      "run_name": "http-rfc7230-regexec_multipass-last-offset",
      "run_type": "iteration",
      "repetitions": 1,
      "repetition_index": 0,
      "threads": 1,
      "iterations": 5733,
      "real_time": 1.2224113270406446e+02,
      "cpu_time": 1.2224009959881468e+02,
      "time_unit": "us",
      "captures": 1.8400000000000000e+02,
      "regsize": 6.2040000000000000e+03
    },
    {
      "name": "http-rfc7230-regexec_all-offsets",
      "family_index": 6,
      "per_family_instance_index": 0,
      "run_name": "http-rfc7230-regexec_all-offsets",
      "run_type": "iteration",
      "repetitions": 1,
      "repetition_index": 0,
      "threads": 1,
      "iterations": 2405,
      "real_time": 2.9459602573185600e+02,
      "cpu_time": 2.9459428607068747e+02,
      "time_unit": "us",
      "captures": 1.8400000000000000e+02,
      "regsize": 6.2040000000000000e+03
    },
    {
      "name": "http-rfc7230-regexec_multipass-all-offsets",
      "family_index": 7,
      "per_family_instance_index": 0,
      "run_name": "http-rfc7230-regexec_multipass-all-offsets",
      "run_type": "iteration",
      "repetitions": 1,
      "repetition_index": 0,
      "threads": 1,
      "iterations": 1737,
      "real_time": 4.1078123123002723e+02,
      "cpu_time": 4.1078009096142688e+02,
      "time_unit": "us",
      "captures": 1.8400000000000000e+02,
      "regsize": 6.2040000000000000e+03
    },
    {
      "name": "http-simple-regcomp_last-offset",
      "family_index": 8,
      "per_family_instance_index": 0,
      "run_name": "http-simple-regcomp_last-offset",
      "run_type": "iteration",
      "repetitions": 1,
      "repetition_index": 0,
      "threads": 1,
      "iterations": 28,
      "real_time": 2.5294900140059846e+04,
      "cpu_time": 2.5294886964285721e+04,
      "time_unit": "us",
      "captures": 3.2000000000000000e+01,
      "regsize": 5.7300000000000000e+02
    },
    {
      "name": "http-simple-regcomp_multipass-last-offset",
      "family_index": 9,
      "per_family_instance_index": 0,
      "run_name": "http-simple-regcomp_multipass-last-offset",
      "run_type": "iteration",
      "repetitions": 1,
      "repetition_index": 0,
      "threads": 1,
      "iterations": 360,
      "real_time": 1.9458455188820760e+03,
      "cpu_time": 1.9458445222222153e+03,
      "time_unit": "us",
      "captures": 3.2000000000000000e+01,
      "regsize": 5.7300000000000000e+02
    },
    {
      "name": "http-simple-regcomp_all-offsets",
      "family_index": 10,
      "per_family_instance_index": 0,
      "run_name": "http-simple-regcomp_all-offsets",
      "run_type": "iteration",
      "repetitions": 1,
      "repetition_index": 0,
      "threads": 1,
      "iterations": 15,
      "real_time": 4.5636295930792890e+04,
      "cpu_time": 4.5636290733333830e+04,
      "time_unit": "us",
      "captures": 3.2000000000000000e+01,
      "regsize": 5.7300000000000000e+02
    },
    {
      "name": "http-simple-regcomp_multipass-all-offsets",
      "family_index": 11,
      "per_family_instance_index": 0,
      "run_name": "http-simple-regcomp_multipass-all-offsets",
      "run_type": "iteration",
      "repetitions": 1,
      "repetition_index": 0,
      "threads": 1,
      "iterations": 359,
      "real_time": 1.9530787075607723e+03,
      "cpu_time": 1.9530779888579184e+03,
      "time_unit": "us",
      "captures": 3.2000000000000000e+01,
      "regsize": 5.7300000000000000e+02
    },
    {
      "name": "http-simple-regexec_last-offset",
      "family_index": 12,
      "per_family_instance_index": 0,
      "run_name": "http-simple-regexec_last-offset",
      "run_type": "iteration",
      "repetitions": 1,
      "repetition_index": 0,
      "threads": 1,
      "iterations": 17979,
      "real_time": 3.9048133593775141e+01,
      "cpu_time": 3.9047984593136555e+01,
      "time_unit": "us",
      "captures": 3.2000000000000000e+01,
      "regsize": 5.7300000000000000e+02
    },
    {
      "name": "http-simple-regexec_multipass-last-offset",
      "family_index": 13,
      "per_family_instance_index": 0,
      "run_name": "http-simple-regexec_multipass-last-offset",
      "run_type": "iteration",
      "repetitions": 1,
      "repetition_index": 0,
      "threads": 1,
      "iterations": 11131,
      "real_time": 6.2522545295237272e+01,
      "cpu_time": 6.2522485401133082e+01,
      "time_unit": "us",
      "captures": 3.2000000000000000e+01,
      "regsize": 5.7300000000000000e+02
    },
    {
      "name": "http-simple-regexec_all-offsets",
      "family_index": 14,
      "per_family_instance_index": 0,
      "run_name": "http-simple-regexec_all-offsets",
      "run_type": "iteration",
      "repetitions": 1,
      "repetition_index": 0,
      "threads": 1,
      "iterations": 12503,
      "real_time": 5.6288185720323398e+01,
      "cpu_time": 5.6288124530112889e+01,
      "time_unit": "us",
      "captures": 3.2000000000000000e+01,
      "regsize": 5.7300000000000000e+02
    },
    {
      "name": "http-simple-regexec_multipass-all-offsets",
      "family_index": 15,
      "per_family_instance_index": 0,
      "run_name": "http-simple-regexec_multipass-all-offsets",
      "run_type": "iteration",
      "repetitions": 1,
      "repetition_index": 0,
      "threads": 1,
      "iterations": 8120,
      "real_time": 8.5488762224799601e+01,
      "cpu_time": 8.5488676477832328e+01,
      "time_unit": "us",
      "captures": 3.2000000000000000e+01,
      "regsize": 5.7300000000000000e+02
    },
    {
      "name": "uri-rfc3986-regcomp_last-offset",
      "family_index": 16,
      "per_family_instance_index": 0,
      "run_name": "uri-rfc3986-regcomp_last-offset",
      "run_type": "iteration",
      "repetitions": 1,
      "repetition_index": 0,
      "threads": 1,
      "iterations": 1,
      "real_time": 1.7301285350695252e+06,
      "cpu_time": 1.7301261759999988e+06,
      "time_unit": "us",
      "captures": 9.2000000000000000e+01,
      "regsize": 3.1490000000000000e+03
    },
    {
      "name": "uri-rfc3986-regcomp_multipass-last-offset",
      "family_index": 17,
      "per_family_instance_index": 0,
      "run_name": "uri-rfc3986-regcomp_multipass-last-offset",
      "run_type": "iteration",
      "repetitions": 1,
      "repetition_index": 0,
      "threads": 1,
      "iterations": 27,
      "real_time": 2.5757877259618705e+04,
      "cpu_time": 2.5757070407406798e+04,
      "time_unit": "us",
      "captures": 9.2000000000000000e+01,
      "regsize": 3.1490000000000000e+03
    },
    {
      "name": "uri-rfc3986-regcomp_all-offsets",
      "family_index": 18,
      "per_family_instance_index": 0,
      "run_name": "uri-rfc3986-regcomp_all-offsets",
      "run_type": "iteration",
      "repetitions": 1,
      "repetition_index": 0,
      "threads": 1,
      "iterations": 1,
      "real_time": 1.8367144530639052e+06,
      "cpu_time": 1.8367119240000136e+06,
      "time_unit": "us",
      "captures": 9.2000000000000000e+01,
      "regsize": 3.1490000000000000e+03
    },
    {
      "name": "uri-rfc3986-regcomp_multipass-all-offsets",
      "family_index": 19,
      "per_family_instance_index": 0,
      "run_name": "uri-rfc3986-regcomp_multipass-all-offsets",
      "run_type": "iteration",
      "repetitions": 1,
      "repetition_index": 0,
      "threads": 1,
      "iterations": 27,
      "real_time": 2.5777153222373239e+04,
      "cpu_time": 2.5777177518518907e+04,
      "time_unit": "us",
      "captures": 9.2000000000000000e+01,
      "regsize": 3.1490000000000000e+03
    },
    {
      "name": "uri-rfc3986-regexec_last-offset",
      "family_index": 20,
      "per_family_instance_index": 0,
      "run_name": "uri-rfc3986-regexec_last-offset",
      "run_type": "iteration",
      "repetitions": 1,
      "repetition_index": 0,
      "threads": 1,
      "iterations": 6966,
      "real_time": 9.9969160923011813e+01,
      "cpu_time": 9.9968959230545920e+01,
      "time_unit": "us",
      "captures": 9.2000000000000000e+01,
      "regsize": 3.1490000000000000e+03
    },
    {
      "name": "uri-rfc3986-regexec_multipass-last-offset",
      "family_index": 21,
      "per_family_instance_index": 0,
      "run_name": "uri-rfc3986-regexec_multipass-last-offset",
      "run_type": "iteration",
      "repetitions": 1,
      "repetition_index": 0,
      "threads": 1,
      "iterations": 6040,
      "real_time": 1.2505649772491182e+02,
      "cpu_time": 1.2505546788079663e+02,
      "time_unit": "us",
      "captures": 9.2000000000000000e+01,
      "regsize": 3.1490000000000000e+03
    },
    {
      "name": "uri-rfc3986-regexec_all-offsets",
      "family_index": 22,
      "per_family_instance_index": 0,
      "run_name": "uri-rfc3986-regexec_all-offsets",
      "run_type": "iteration",
      "repetitions": 1,
      "repetition_index": 0,
      "threads": 1,
      "iterations": 2539,
      "real_time": 2.6519019846291275e+02,
      "cpu_time": 2.6518975541552254e+02,
      "time_unit": "us",
      "captures": 9.2000000000000000e+01,
      "regsize": 3.1490000000000000e+03
    },
    {
      "name": "uri-rfc3986-regexec_multipass-all-offsets",
      "family_index": 23,
      "per_family_instance_index": 0,
      "run_name": "uri-rfc3986-regexec_multipass-all-offsets",
      "run_type": "iteration",
      "repetitions": 1,
      "repetition_index": 0,
      "threads": 1,
      "iterations": 2499,
      "real_time": 2.7479315769164361e+02,
      "cpu_time": 2.7479162745097631e+02,
      "time_unit": "us",
      "captures": 9.2000000000000000e+01,
      "regsize": 3.1490000000000000e+03
    },
    {
      "name": "uri-simple-regcomp_last-offset",
      "family_index": 24,
      "per_family_instance_index": 0,
      "run_name": "uri-simple-regcomp_last-offset",
      "run_type": "iteration",
      "repetitions": 1,
      "repetition_index": 0,
      "threads": 1,
      "iterations": 202,
      "real_time": 3.4598103254148277e+03,
      "cpu_time": 3.4598086039604295e+03,
      "time_unit": "us",
      "captures": 1.3000000000000000e+01,
      "regsize": 2.3400000000000000e+02
    },
    {
      "name": "uri-simple-regcomp_multipass-last-offset",
      "family_index": 25,
      "per_family_instance_index": 0,
      "run_name": "uri-simple-regcomp_multipass-last-offset",
      "run_type": "iteration",
      "repetitions": 1,
      "repetition_index": 0,
      "threads": 1,
      "iterations": 1359,
      "real_time": 5.1735058143142828e+02,
      "cpu_time": 5.1735032082413716e+02,
      "time_unit": "us",
      "captures": 1.3000000000000000e+01,
      "regsize": 2.3400000000000000e+02
    },
    {
      "name": "uri-simple-regcomp_all-offsets",
      "family_index": 26,
      "per_family_instance_index": 0,
      "run_name": "uri-simple-regcomp_all-offsets",
      "run_type": "iteration",
      "repetitions": 1,
      "repetition_index": 0,
      "threads": 1,
      "iterations": 130,
      "real_time": 5.2752924008438222e+03,
      "cpu_time": 5.2752895769228962e+03,
      "time_unit": "us",
      "captures": 1.3000000000000000e+01,
      "regsize": 2.3400000000000000e+02
    },
    {
      "name": "uri-simple-regcomp_multipass-all-offsets",
      "family_index": 27,
      "per_family_instance_index": 0,
      "run_name": "uri-simple-regcomp_multipass-all-offsets",
      "run_type": "iteration",
      "repetitions": 1,
      "repetition_index": 0,
      "threads": 1,
      "iterations": 1352,
      "real_time": 5.0491293872976621e+02,
      "cpu_time": 5.0491267307692522e+02,
      "time_unit": "us",
      "captures": 1.3000000000000000e+01,
      "regsize": 2.3400000000000000e+02
    },
    {
      "name": "uri-simple-regexec_last-offset",
      "family_index": 28,
      "per_family_instance_index": 0,
      "run_name": "uri-simple-regexec_last-offset",
      "run_type": "iteration",
      "repetitions": 1,
      "repetition_index": 0,
      "threads": 1,
      "iterations": 17168,
      "real_time": 4.0814549171123637e+01,
      "cpu_time": 4.0814504077353355e+01,
      "time_unit": "us",
      "captures": 1.3000000000000000e+01,
      "regsize": 2.3400000000000000e+02
    },
    {
      "name": "uri-simple-regexec_multipass-last-offset",
      "family_index": 29,
      "per_family_instance_index": 0,
      "run_name": "uri-simple-regexec_multipass-last-offset",
      "run_type": "iteration",
      "repetitions": 1,
      "repetition_index": 0,
      "threads": 1,
      "iterations": 10162,
      "real_time": 6.8415344046284730e+01,
      "cpu_time": 6.8414927671718075e+01,
      "time_unit": "us",
      "captures": 1.3000000000000000e+01,
      "regsize": 2.3400000000000000e+02
    },
    {
      "name": "uri-simple-regexec_all-offsets",
      "family_index": 30,
      "per_family_instance_index": 0,
      "run_name": "uri-simple-regexec_all-offsets",
      "run_type": "iteration",
      "repetitions": 1,
      "repetition_index": 0,
      "threads": 1,
      "iterations": 5145,
      "real_time": 1.3711149111911436e+02,
      "cpu_time": 1.3711090534499274e+02,
      "time_unit": "us",
      "captures": 1.3000000000000000e+01,
      "regsize": 2.3400000000000000e+02
    },
    {
      "name": "uri-simple-regexec_multipass-all-offsets",
      "family_index": 31,
      "per_family_instance_index": 0,
      "run_name": "uri-simple-regexec_multipass-all-offsets",
      "run_type": "iteration",
      "repetitions": 1,
      "repetition_index": 0,
      "threads": 1,
      "iterations": 4871,
      "real_time": 1.4309987373798444e+02,
      "cpu_time": 1.4309904537055783e+02,
      "time_unit": "us",
      "captures": 1.3000000000000000e+01,
      "regsize": 2.3400000000000000e+02
    },
    {
      "name": "ipv6-regcomp_last-offset",
      "family_index": 32,
      "per_family_instance_index": 0,
      "run_name": "ipv6-regcomp_last-offset",
      "run_type": "iteration",
      "repetitions": 1,
      "repetition_index": 0,
      "threads": 1,
      "iterations": 5,
      "real_time": 1.5068586552515626e+05,
      "cpu_time": 1.5068595680000386e+05,
      "time_unit": "us",
      "captures": 6.1000000000000000e+01,
      "regsize": 2.3430000000000000e+03
    },
    {
      "name": "ipv6-regcomp_multipass-last-offset",
      "family_index": 33,
      "per_family_instance_index": 0,
      "run_name": "ipv6-regcomp_multipass-last-offset",
      "run_type": "iteration",
      "repetitions": 1,
      "repetition_index": 0,
      "threads": 1,
      "iterations": 89,
      "real_time": 7.6265807755375172e+03,
      "cpu_time": 7.6265781235953118e+03,
      "time_unit": "us",
      "captures": 6.1000000000000000e+01,
      "regsize": 2.3430000000000000e+03
    },
    {
      "name": "ipv6-regcomp_all-offsets",
      "family_index": 34,
      "per_family_instance_index": 0,
      "run_name": "ipv6-regcomp_all-offsets",
      "run_type": "iteration",
      "repetitions": 1,
      "repetition_index": 0,
      "threads": 1,
      "iterations": 4,
      "real_time": 1.9405922200530767e+05,
      "cpu_time": 1.9405937399999829e+05,
      "time_unit": "us",
      "captures": 6.1000000000000000e+01,
      "regsize": 2.3430000000000000e+03
    },
    {
      "name": "ipv6-regcomp_multipass-all-offsets",
      "family_index": 35,
      "per_family_instance_index": 0,
      "run_name": "ipv6-regcomp_multipass-all-offsets",
      "run_type": "iteration",
      "repetitions": 1,
      "repetition_index": 0,
      "threads": 1,
      "iterations": 90,
      "real_time": 7.6318581226385304e+03,
      "cpu_time": 7.6316015000000134e+03,
      "time_unit": "us",
      "captures": 6.1000000000000000e+01,
      "regsize": 2.3430000000000000e+03
    },
    {
      "name": "ipv6-regexec_last-offset",
      "family_index": 36,
      "per_family_instance_index": 0,
      "run_name": "ipv6-regexec_last-offset",
      "run_type": "iteration",
      "repetitions": 1,
      "repetition_index": 0,
      "threads": 1,
      "iterations": 21996,
      "real_time": 3.1349050458795016e+01,
      "cpu_time": 3.1348989407165810e+01,
      "time_unit": "us",
      "captures": 6.1000000000000000e+01,
      "regsize": 2.3430000000000000e+03
    },
    {
      "name": "ipv6-regexec_multipass-last-offset",
      "family_index": 37,
      "per_family_instance_index": 0,
      "run_name": "ipv6-regexec_multipass-last-offset",
      "run_type": "iteration",
      "repetitions": 1,
      "repetition_index": 0,
      "threads": 1,
      "iterations": 22522,
      "real_time": 3.1181212428461997e+01,
      "cpu_time": 3.1181182221827065e+01,
      "time_unit": "us",
      "captures": 6.1000000000000000e+01,
      "regsize": 2.3430000000000000e+03
    },
    {
      "name": "ipv6-regexec_all-offsets",
      "family_index": 38,
      "per_family_instance_index": 0,
      "run_name": "ipv6-regexec_all-offsets",
      "run_type": "iteration",
      "repetitions": 1,
      "repetition_index": 0,
      "threads": 1,
      "iterations": 11152,
      "real_time": 6.3234278507974302e+01,
      "cpu_time": 6.3234132083930042e+01,
      "time_unit": "us",
      "captures": 6.1000000000000000e+01,
      "regsize": 2.3430000000000000e+03
    },
    {
      "name": "ipv6-regexec_multipass-all-offsets",
      "family_index": 39,
      "per_family_instance_index": 0,
      "run_name": "ipv6-regexec_multipass-all-offsets",
      "run_type": "iteration",
      "repetitions": 1,
      "repetition_index": 0,
      "threads": 1,
      "iterations": 9407,
      "real_time": 7.5066447011675777e+01,
      "cpu_time": 7.5065957903689750e+01,
      "time_unit": "us",
      "captures": 6.1000000000000000e+01,
      "regsize": 2.3430000000000000e+03
    },
    {
      "name": "ipv4-regcomp_last-offset",
      "family_index": 48,
      "per_family_instance_index": 0,
      "run_name": "ipv4-regcomp_last-offset",
      "run_type": "iteration",
      "repetitions": 1,
      "repetition_index": 0,
      "threads": 1,
      "iterations": 3132,
      "real_time": 2.2407303612422328e+02,
      "cpu_time": 2.2407196328224396e+02,
      "time_unit": "us",
      "captures": 5.0000000000000000e+00,
      "regsize": 2.3500000000000000e+02
    },
    {
      "name": "ipv4-regcomp_multipass-last-offset",
      "family_index": 49,
      "per_family_instance_index": 0,
      "run_name": "ipv4-regcomp_multipass-last-offset",
      "run_type": "iteration",
      "repetitions": 1,
      "repetition_index": 0,
      "threads": 1,
      "iterations": 5257,
      "real_time": 1.3402449509204396e+02,
      "cpu_time": 1.3402443066387269e+02,
      "time_unit": "us",
      "captures": 5.0000000000000000e+00,
      "regsize": 2.3500000000000000e+02
    },
    {
      "name": "ipv4-regcomp_all-offsets",
      "family_index": 50,
      "per_family_instance_index": 0,
      "run_name": "ipv4-regcomp_all-offsets",
      "run_type": "iteration",
      "repetitions": 1,
      "repetition_index": 0,
      "threads": 1,
      "iterations": 2805,
      "real_time": 2.4571727028319117e+02,
      "cpu_time": 2.4571588449198080e+02,
      "time_unit": "us",
      "captures": 5.0000000000000000e+00,
      "regsize": 2.3500000000000000e+02
    },
    {
      "name": "ipv4-regcomp_multipass-all-offsets",
      "family_index": 51,
      "per_family_instance_index": 0,
      "run_name": "ipv4-regcomp_multipass-all-offsets",
      "run_type": "iteration",
      "repetitions": 1,
      "repetition_index": 0,
      "threads": 1,
      "iterations": 5194,
      "real_time": 1.3548205947323422e+02,
      "cpu_time": 1.3548192626107064e+02,
      "time_unit": "us",
      "captures": 5.0000000000000000e+00,
      "regsize": 2.3500000000000000e+02
    },
    {
      "name": "ipv4-regexec_last-offset",
      "family_index": 52,
      "per_family_instance_index": 0,
      "run_name": "ipv4-regexec_last-offset",
      "run_type": "iteration",
      "repetitions": 1,
      "repetition_index": 0,
      "threads": 1,
      "iterations": 2008707,
      "real_time": 3.4632213117173127e-01,
      "cpu_time": 3.4632175822557276e-01,
      "time_unit": "us",
      "captures": 5.0000000000000000e+00,
      "regsize": 2.3500000000000000e+02
    },
    {
      "name": "ipv4-regexec_multipass-last-offset",
      "family_index": 53,
      "per_family_instance_index": 0,
      "run_name": "ipv4-regexec_multipass-last-offset",
      "run_type": "iteration",
      "repetitions": 1,
      "repetition_index": 0,
      "threads": 1,
      "iterations": 1390988,
      "real_time": 5.0944933115054669e-01,
      "cpu_time": 5.0944886080973872e-01,
      "time_unit": "us",
      "captures": 5.0000000000000000e+00,
      "regsize": 2.3500000000000000e+02
    },
    {
      "name": "ipv4-regexec_all-offsets",
      "family_index": 54,
      "per_family_instance_index": 0,
      "run_name": "ipv4-regexec_all-offsets",
      "run_type": "iteration",
      "repetitions": 1,
      "repetition_index": 0,
      "threads": 1,
      "iterations": 1092469,
      "real_time": 6.1216791611713817e-01,
      "cpu_time": 6.1216732557171516e-01,
      "time_unit": "us",
      "captures": 5.0000000000000000e+00,
      "regsize": 2.3500000000000000e+02
    },
    {
      "name": "ipv4-regexec_multipass-all-offsets",
      "family_index": 55,
      "per_family_instance_index": 0,
      "run_name": "ipv4-regexec_multipass-all-offsets",
      "run_type": "iteration",
      "repetitions": 1,
      "repetition_index": 0,
      "threads": 1,
      "iterations": 530463,
      "real_time": 1.0350150356216534e+00,
      "cpu_time": 1.0350081626805387e+00,
      "time_unit": "us",
      "captures": 5.0000000000000000e+00,
      "regsize": 2.3500000000000000e+02
    },
    {
      "name": "date-regcomp_last-offset",
      "family_index": 64,
      "per_family_instance_index": 0,
      "run_name": "date-regcomp_last-offset",
      "run_type": "iteration",
      "repetitions": 1,
      "repetition_index": 0,
      "threads": 1,
      "iterations": 1521,
      "real_time": 4.6259190006711856e+02,
      "cpu_time": 4.6259022616699133e+02,
      "time_unit": "us",
      "captures": 1.3000000000000000e+01,
      "regsize": 2.2400000000000000e+02
    },
    {
      "name": "date-regcomp_multipass-last-offset",
      "family_index": 65,
      "per_family_instance_index": 0,
      "run_name": "date-regcomp_multipass-last-offset",
      "run_type": "iteration",
      "repetitions": 1,
      "repetition_index": 0,
      "threads": 1,
      "iterations": 2383,
      "real_time": 2.9131102594935840e+02,
      "cpu_time": 2.9131099202686147e+02,
      "time_unit": "us",
      "captures": 1.3000000000000000e+01,
      "regsize": 2.2400000000000000e+02
    },
    {
      "name": "date-regcomp_all-offsets",
      "family_index": 66,
      "per_family_instance_index": 0,
      "run_name": "date-regcomp_all-offsets",
      "run_type": "iteration",
      "repetitions": 1,
      "repetition_index": 0,
      "threads": 1,
      "iterations": 1251,
      "real_time": 5.3155985210451195e+02,
      "cpu_time": 5.3156010631496054e+02,
      "time_unit": "us",
      "captures": 1.3000000000000000e+01,
      "regsize": 2.2400000000000000e+02
    },
    {
      "name": "date-regcomp_multipass-all-offsets",
      "family_index": 67,
      "per_family_instance_index": 0,
      "run_name": "date-regcomp_multipass-all-offsets",
      "run_type": "iteration",
      "repetitions": 1,
      "repetition_index": 0,
      "threads": 1,
      "iterations": 2389,
      "real_time": 2.9289589118089270e+02,
      "cpu_time": 2.9289575136040622e+02,
      "time_unit": "us",
      "captures": 1.3000000000000000e+01,
      "regsize": 2.2400000000000000e+02
    },
    {
      "name": "date-regexec_last-offset",
      "family_index": 68,
      "per_family_instance_index": 0,
      "run_name": "date-regexec_last-offset",
      "run_type": "iteration",
      "repetitions": 1,
      "repetition_index": 0,
      "threads": 1,
      "iterations": 511390,
      "real_time": 1.3419661570249555e+00,
      "cpu_time": 1.3419646825319136e+00,
      "time_unit": "us",
      "captures": 1.3000000000000000e+01,
      "regsize": 2.2400000000000000e+02
    },
    {
      "name": "date-regexec_multipass-last-offset",
      "family_index": 69,
      "per_family_instance_index": 0,
      "run_name": "date-regexec_multipass-last-offset",
      "run_type": "iteration",
      "repetitions": 1,
      "repetition_index": 0,
      "threads": 1,
      "iterations": 361236,
      "real_time": 1.9050738965796969e+00,
      "cpu_time": 1.9050719972538577e+00,
      "time_unit": "us",
      "captures": 1.3000000000000000e+01,
      "regsize": 2.2400000000000000e+02
    },
    {
      "name": "date-regexec_all-offsets",
      "family_index": 70,
      "per_family_instance_index": 0,
      "run_name": "date-regexec_all-offsets",
      "run_type": "iteration",
      "repetitions": 1,
      "repetition_index": 0,
      "threads": 1,
      "iterations": 317578,
      "real_time": 2.1879305806079961e+00,
      "cpu_time": 2.1879282979299544e+00,
      "time_unit": "us",
      "captures": 1.3000000000000000e+01,
      "regsize": 2.2400000000000000e+02
    },
    {
      "name": "date-regexec_multipass-all-offsets",
      "family_index": 71,
      "per_family_instance_index": 0,
      "run_name": "date-regexec_multipass-all-offsets",
      "run_type": "iteration",
      "repetitions": 1,
      "repetition_index": 0,
      "threads": 1,
      "iterations": 180837,
      "real_time": 3.6546981644983965e+00,
      "cpu_time": 3.6546944817708424e+00,
      "time_unit": "us",
      "captures": 1.3000000000000000e+01,
      "regsize": 2.2400000000000000e+02
    },
    {
      "name": "package-regcomp_last-offset",
      "family_index": 80,
      "per_family_instance_index": 0,
      "run_name": "package-regcomp_last-offset",
      "run_type": "iteration",
      "repetitions": 1,
      "repetition_index": 0,
      "threads": 1,
      "iterations": 432,
      "real_time": 1.6077858734341269e+03,
      "cpu_time": 1.6077856064814448e+03,
      "time_unit": "us",
      "captures": 1.3000000000000000e+01,
      "regsize": 1.1700000000000000e+02
    },
    {
      "name": "package-regcomp_multipass-last-offset",
      "family_index": 81,
      "per_family_instance_index": 0,
      "run_name": "package-regcomp_multipass-last-offset",
      "run_type": "iteration",
      "repetitions": 1,
      "repetition_index": 0,
      "threads": 1,
      "iterations": 1798,
      "real_time": 3.8687545273689193e+02,
      "cpu_time": 3.8687403670744970e+02,
      "time_unit": "us",
      "captures": 1.3000000000000000e+01,
      "regsize": 1.1700000000000000e+02
    },
    {
      "name": "package-regcomp_all-offsets",
      "family_index": 82,
      "per_family_instance_index": 0,
      "run_name": "package-regcomp_all-offsets",
      "run_type": "iteration",
      "repetitions": 1,
      "repetition_index": 0,
      "threads": 1,
      "iterations": 291,
      "real_time": 2.3973683564190806e+03,
      "cpu_time": 2.3973680859106266e+03,
      "time_unit": "us",
      "captures": 1.3000000000000000e+01,
      "regsize": 1.1700000000000000e+02
    },
    {
      "name": "package-regcomp_multipass-all-offsets",
      "family_index": 83,
      "per_family_instance_index": 0,
      "run_name": "package-regcomp_multipass-all-offsets",
      "run_type": "iteration",
      "repetitions": 1,
      "repetition_index": 0,
      "threads": 1,
      "iterations": 1800,
      "real_time": 3.8676946294597451e+02,
      "cpu_time": 3.8676951666666861e+02,
      "time_unit": "us",
      "captures": 1.3000000000000000e+01,
      "regsize": 1.1700000000000000e+02
    },
    {
      "name": "package-regexec_last-offset",
      "family_index": 84,
      "per_family_instance_index": 0,
      "run_name": "package-regexec_last-offset",
      "run_type": "iteration",
      "repetitions": 1,
      "repetition_index": 0,
      "threads": 1,
      "iterations": 3652,
      "real_time": 1.9541800329165875e+02,
      "cpu_time": 1.9541683132530324e+02,
      "time_unit": "us",
      "captures": 1.3000000000000000e+01,
      "regsize": 1.1700000000000000e+02
    },
    {
      "name": "package-regexec_multipass-last-offset",
      "family_index": 85,
      "per_family_instance_index": 0,
      "run_name": "package-regexec_multipass-last-offset",
      "run_type": "iteration",
      "repetitions": 1,
      "repetition_index": 0,
      "threads": 1,
      "iterations": 2418,
      "real_time": 2.9309623011189910e+02,
      "cpu_time": 2.9309498966087222e+02,
      "time_unit": "us",
      "captures": 1.3000000000000000e+01,
      "regsize": 1.1700000000000000e+02
    },
    {
      "name": "package-regexec_all-offsets",
      "family_index": 86,
      "per_family_instance_index": 0,
      "run_name": "package-regexec_all-offsets",
      "run_type": "iteration",
      "repetitions": 1,
      "repetition_index": 0,
      "threads": 1,
      "iterations": 1891,
      "real_time": 3.9534139511432045e+02,
      "cpu_time": 3.9534099682707864e+02,
      "time_unit": "us",
      "captures": 1.3000000000000000e+01,
      "regsize": 1.1700000000000000e+02
    },
    {
      "name": "package-regexec_multipass-all-offsets",
      "family_index": 87,
      "per_family_instance_index": 0,
      "run_name": "package-regexec_multipass-all-offsets",
      "run_type": "iteration",
      "repetitions": 1,
      "repetition_index": 0,
      "threads": 1,
      "iterations": 1377,
      "real_time": 5.0862819313483561e+02,
      "cpu_time": 5.0862769862018797e+02,
      "time_unit": "us",
      "captures": 1.3000000000000000e+01,
      "regsize": 1.1700000000000000e+02
    },
    {
      "name": "(a)*a{10}-regcomp_last-offset",
      "family_index": 104,
      "per_family_instance_index": 0,
      "run_name": "(a)*a{10}-regcomp_last-offset",
      "run_type": "iteration",
      "repetitions": 1,
      "repetition_index": 0,
      "threads": 1,
      "iterations": 13201,
      "real_time": 4.8283171426522067e+01,
      "cpu_time": 4.8283203772442597e+01,
      "time_unit": "us",
      "captures": 1.0000000000000000e+00,
      "regsize": 9.0000000000000000e+00
    },
    {
      "name": "(a)*a{10}-regcomp_multipass-last-offset",
      "family_index": 105,
      "per_family_instance_index": 0,
      "run_name": "(a)*a{10}-regcomp_multipass-last-offset",
      "run_type": "iteration",
      "repetitions": 1,
      "repetition_index": 0,
      "threads": 1,
      "iterations": 30182,
      "real_time": 2.2937638220279080e+01,
      "cpu_time": 2.2937668179710155e+01,
      "time_unit": "us",
      "captures": 1.0000000000000000e+00,
      "regsize": 9.0000000000000000e+00
    },
    {
      "name": "(a)*a{10}-regcomp_all-offsets",
      "family_index": 106,
      "per_family_instance_index": 0,
      "run_name": "(a)*a{10}-regcomp_all-offsets",
      "run_type": "iteration",
      "repetitions": 1,
      "repetition_index": 0,
      "threads": 1,
      "iterations": 8266,
      "real_time": 8.0786198116216994e+01,
      "cpu_time": 8.0785806436003227e+01,
      "time_unit": "us",
      "captures": 1.0000000000000000e+00,
      "regsize": 9.0000000000000000e+00
    },
    {
      "name": "(a)*a{10}-regcomp_multipass-all-offsets",
      "family_index": 107,
      "per_family_instance_index": 0,
      "run_name": "(a)*a{10}-regcomp_multipass-all-offsets",
      "run_type": "iteration",
      "repetitions": 1,
      "repetition_index": 0,
      "threads": 1,
      "iterations": 29707,
      "real_time": 2.2925872500663203e+01,
      "cpu_time": 2.2925898946376414e+01,
      "time_unit": "us",
      "captures": 1.0000000000000000e+00,
      "regsize": 9.0000000000000000e+00
    },
    {
      "name": "(a)*a{10}-regexec_last-offset",
      "family_index": 108,
      "per_family_instance_index": 0,
      "run_name": "(a)*a{10}-regexec_last-offset",
      "run_type": "iteration",
      "repetitions": 1,
      "repetition_index": 0,
      "threads": 1,
      "iterations": 2873,
      "real_time": 2.4353467113426908e+02,
      "cpu_time": 2.4353441663765639e+02,
      "time_unit": "us",
      "captures": 1.0000000000000000e+00,
      "regsize": 9.0000000000000000e+00
    },
    {
      "name": "(a)*a{10}-regexec_multipass-last-offset",
      "family_index": 109,
      "per_family_instance_index": 0,
      "run_name": "(a)*a{10}-regexec_multipass-last-offset",
      "run_type": "iteration",
      "repetitions": 1,
      "repetition_index": 0,
      "threads": 1,
      "iterations": 6926,
      "real_time": 9.9625386412807046e+01,
      "cpu_time": 9.9624811868324358e+01,
      "time_unit": "us",
      "captures": 1.0000000000000000e+00,
      "regsize": 9.0000000000000000e+00
    },
    {
      "name": "(a)*a{10}-regexec_all-offsets",
      "family_index": 110,
      "per_family_instance_index": 0,
      "run_name": "(a)*a{10}-regexec_all-offsets",
      "run_type": "iteration",
      "repetitions": 1,
      "repetition_index": 0,
      "threads": 1,
      "iterations": 956,
      "real_time": 7.2013755634847917e+02,
      "cpu_time": 7.2013661924687324e+02,
      "time_unit": "us",
      "captures": 1.0000000000000000e+00,
      "regsize": 9.0000000000000000e+00
    },
    {
      "name": "(a)*a{10}-regexec_multipass-all-offsets",
      "family_index": 111,
      "per_family_instance_index": 0,
      "run_name": "(a)*a{10}-regexec_multipass-all-offsets",
      "run_type": "iteration",
      "repetitions": 1,
      "repetition_index": 0,
      "threads": 1,
      "iterations": 3320,
      "real_time": 2.1091318192768350e+02,
      "cpu_time": 2.1091299608434062e+02,
      "time_unit": "us",
      "captures": 1.0000000000000000e+00,
      "regsize": 9.0000000000000000e+00
    },
    {
      "name": "(a)*a{100}-regcomp_last-offset",
      "family_index": 112,
      "per_family_instance_index": 0,
      "run_name": "(a)*a{100}-regcomp_last-offset",
      "run_type": "iteration",
      "repetitions": 1,
      "repetition_index": 0,
      "threads": 1,
      "iterations": 355,
      "real_time": 1.9688776077728876e+03,
      "cpu_time": 1.9688782422535246e+03,
      "time_unit": "us",
      "captures": 1.0000000000000000e+00,
      "regsize": 1.0000000000000000e+01
    },
    {
      "name": "(a)*a{100}-regcomp_multipass-last-offset",
      "family_index": 113,
      "per_family_instance_index": 0,
      "run_name": "(a)*a{100}-regcomp_multipass-last-offset",
      "run_type": "iteration",
      "repetitions": 1,
      "repetition_index": 0,
      "threads": 1,
      "iterations": 496,
      "real_time": 1.3930702735970337e+03,
      "cpu_time": 1.3930642379032254e+03,
      "time_unit": "us",
      "captures": 1.0000000000000000e+00,
      "regsize": 1.0000000000000000e+01
    },
    {
      "name": "(a)*a{100}-regcomp_all-offsets",
      "family_index": 114,
      "per_family_instance_index": 0,
      "run_name": "(a)*a{100}-regcomp_all-offsets",
      "run_type": "iteration",
      "repetitions": 1,
      "repetition_index": 0,
      "threads": 1,
      "iterations": 194,
      "real_time": 3.6168196502612118e+03,
      "cpu_time": 3.6168204639176161e+03,
      "time_unit": "us",
      "captures": 1.0000000000000000e+00,
      "regsize": 1.0000000000000000e+01
    },
    {
      "name": "(a)*a{100}-regcomp_multipass-all-offsets",
      "family_index": 115,
      "per_family_instance_index": 0,
      "run_name": "(a)*a{100}-regcomp_multipass-all-offsets",
      "run_type": "iteration",
      "repetitions": 1,
      "repetition_index": 0,
      "threads": 1,
      "iterations": 497,
      "real_time": 1.3947527203521499e+03,
      "cpu_time": 1.3947528551308126e+03,
      "time_unit": "us",
      "captures": 1.0000000000000000e+00,
      "regsize": 1.0000000000000000e+01
    },
    {
      "name": "(a)*a{100}-regexec_last-offset",
      "family_index": 116,
      "per_family_instance_index": 0,
      "run_name": "(a)*a{100}-regexec_last-offset",
      "run_type": "iteration",
      "repetitions": 1,
      "repetition_index": 0,
      "threads": 1,
      "iterations": 237,
      "real_time": 2.9298759493898237e+03,
      "cpu_time": 2.9298569156118233e+03,
      "time_unit": "us",
      "captures": 1.0000000000000000e+00,
      "regsize": 1.0000000000000000e+01
    },
    {
      "name": "(a)*a{100}-regexec_multipass-last-offset",
      "family_index": 117,
      "per_family_instance_index": 0,
      "run_name": "(a)*a{100}-regexec_multipass-last-offset",
      "run_type": "iteration",
      "repetitions": 1,
      "repetition_index": 0,
      "threads": 1,
      "iterations": 6922,
      "real_time": 1.0037355775342395e+02,
      "cpu_time": 1.0037311210632913e+02,
      "time_unit": "us",
      "captures": 1.0000000000000000e+00,
      "regsize": 1.0000000000000000e+01
    },
    {
      "name": "(a)*a{100}-regexec_all-offsets",
      "family_index": 118,
      "per_family_instance_index": 0,
      "run_name": "(a)*a{100}-regexec_all-offsets",
      "run_type": "iteration",
      "repetitions": 1,
      "repetition_index": 0,
      "threads": 1,
      "iterations": 103,
      "real_time": 6.6672593391346700e+03,
      "cpu_time": 6.6672530097088320e+03,
      "time_unit": "us",
      "captures": 1.0000000000000000e+00,
      "regsize": 1.0000000000000000e+01
    },
    {
      "name": "(a)*a{100}-regexec_multipass-all-offsets",
      "family_index": 119,
      "per_family_instance_index": 0,
      "run_name": "(a)*a{100}-regexec_multipass-all-offsets",
      "run_type": "iteration",
      "repetitions": 1,
      "repetition_index": 0,
      "threads": 1,
      "iterations": 3291,
      "real_time": 2.1279810335508634e+02,
      "cpu_time": 2.1279779459130762e+02,
      "time_unit": "us",
      "captures": 1.0000000000000000e+00,
      "regsize": 1.0000000000000000e+01
    },
    {
      "name": "(a)*a{1000}-regcomp_last-offset",
      "family_index": 120,
      "per_family_instance_index": 0,
      "run_name": "(a)*a{1000}-regcomp_last-offset",
      "run_type": "iteration",
      "repetitions": 1,
      "repetition_index": 0,
      "threads": 1,
      "iterations": 1,
      "real_time": 1.6615509930998087e+06,
      "cpu_time": 1.6615468200000124e+06,
      "time_unit": "us",
      "captures": 1.0000000000000000e+00,
      "regsize": 1.1000000000000000e+01
    },
    {
      "name": "(a)*a{1000}-regcomp_multipass-last-offset",
      "family_index": 121,
      "per_family_instance_index": 0,
      "run_name": "(a)*a{1000}-regcomp_multipass-last-offset",
      "run_type": "iteration",
      "repetitions": 1,
      "repetition_index": 0,
      "threads": 1,
      "iterations": 1,
      "real_time": 1.3682376542128623e+06,
      "cpu_time": 1.3682281559999865e+06,
      "time_unit": "us",
      "captures": 1.0000000000000000e+00,
      "regsize": 1.1000000000000000e+01
    },
    {
      "name": "(a)*a{1000}-regcomp_all-offsets",
      "family_index": 122,
      "per_family_instance_index": 0,
      "run_name": "(a)*a{1000}-regcomp_all-offsets",
      "run_type": "iteration",
      "repetitions": 1,
      "repetition_index": 0,
      "threads": 1,
      "iterations": 1,
      "real_time": 1.9337791507132351e+06,
      "cpu_time": 1.9337689679999813e+06,
      "time_unit": "us",
      "captures": 1.0000000000000000e+00,
      "regsize": 1.1000000000000000e+01
    },
    {
      "name": "(a)*a{1000}-regcomp_multipass-all-offsets",
      "family_index": 123,
      "per_family_instance_index": 0,
      "run_name": "(a)*a{1000}-regcomp_multipass-all-offsets",
      "run_type": "iteration",
      "repetitions": 1,
      "repetition_index": 0,
      "threads": 1,
      "iterations": 1,
      "real_time": 1.3652363009750843e+06,
      "cpu_time": 1.3652311849999705e+06,
      "time_unit": "us",
      "captures": 1.0000000000000000e+00,
      "regsize": 1.1000000000000000e+01
    },
    {
      "name": "(a)*a{1000}-regexec_last-offset",
      "family_index": 124,
      "per_family_instance_index": 0,
      "run_name": "(a)*a{1000}-regexec_last-offset",
      "run_type": "iteration",
      "repetitions": 1,
      "repetition_index": 0,
      "threads": 1,
      "iterations": 26,
      "real_time": 2.7017081801134806e+04,
      "cpu_time": 2.7017041846153672e+04,
      "time_unit": "us",
      "captures": 1.0000000000000000e+00,
      "regsize": 1.1000000000000000e+01
    },
    {
      "name": "(a)*a{1000}-regexec_multipass-last-offset",
      "family_index": 125,
      "per_family_instance_index": 0,
      "run_name": "(a)*a{1000}-regexec_multipass-last-offset",
      "run_type": "iteration",
      "repetitions": 1,
      "repetition_index": 0,
      "threads": 1,
      "iterations": 5977,
      "real_time": 1.1642421278663159e+02,
      "cpu_time": 1.1642390095365963e+02,
      "time_unit": "us",
      "captures": 1.0000000000000000e+00,
      "regsize": 1.1000000000000000e+01
    },
    {
      "name": "(a)*a{1000}-regexec_all-offsets",
      "family_index": 126,
      "per_family_instance_index": 0,
      "run_name": "(a)*a{1000}-regexec_all-offsets",
      "run_type": "iteration",
      "repetitions": 1,
      "repetition_index": 0,
      "threads": 1,
      "iterations": 11,
      "real_time": 6.3249835236506027e+04,
      "cpu_time": 6.3249674454544387e+04,
      "time_unit": "us",
      "captures": 1.0000000000000000e+00,
      "regsize": 1.1000000000000000e+01
    },
    {
      "name": "(a)*a{1000}-regexec_multipass-all-offsets",
      "family_index": 127,
      "per_family_instance_index": 0,
      "run_name": "(a)*a{1000}-regexec_multipass-all-offsets",
      "run_type": "iteration",
      "repetitions": 1,
      "repetition_index": 0,
      "threads": 1,
      "iterations": 3100,
      "real_time": 2.2652102964780022e+02,
      "cpu_time": 2.2652063451612173e+02,
      "time_unit": "us",
      "captures": 1.0000000000000000e+00,
      "regsize": 1.1000000000000000e+01
    }
  ]
}
