﻿<?xml version="1.0" encoding="utf-8" ?>
<codegen>
  <folders>
    <folder path="..\Source" />
    <folder path="..\Import" />
  </folders>
  <categories>
    <category name="vlpp" pattern="\Import\Vlpp."/>
    <category name="vlppos" pattern="\Import\VlppOS."/>
    <category name="vlppregex" pattern="\Import\VlppRegex."/>
    <category name="vlppreflection" pattern="\Import\VlppReflection."/>
    <category name="glr" pattern="\Source\">
      <except pattern="\Ast\" />
      <except pattern="\Lexer\" />
      <except pattern="\ParserGen\" />
      <except pattern="\ParserGen_Global\" />
      <except pattern="\ParserGen_Generated\" />
      <except pattern="\ParserGen_Printer\" />
      <except pattern="\Syntax\" />
    </category>
    <category name="compiler" pattern="\Source\Ast\" />
    <category name="compiler" pattern="\Source\Lexer\" />
    <category name="compiler" pattern="\Source\ParserGen\" />
    <category name="compiler" pattern="\Source\ParserGen_Global\" />
    <category name="compiler" pattern="\Source\ParserGen_Generated\" />
    <category name="compiler" pattern="\Source\ParserGen_Printer\" />
    <category name="compiler" pattern="\Source\Syntax\" />
  </categories>
  <output path=".">
    <codepair category="vlpp" filename="Vlpp" generate="false"/>
    <codepair category="vlppos" filename="VlppOS" generate="false"/>
    <codepair category="vlppregex" filename="VlppRegex" generate="false"/>
    <codepair category="vlppreflection" filename="VlppReflection" generate="false"/>
    <codepair category="glr" filename="VlppGlrParser" generate="true"/>
    <codepair category="compiler" filename="VlppGlrParserCompiler" generate="true"/>
  </output>
</codegen>