{
  "kind": "PROGRAM",
  "num_children": 5,
  "children": [
    {
      "kind": "CONSTLIST",
      "num_children": 1,
      "children": [
        {
          "kind": "CONST",
          "num_children": 2,
          "children": [
            {
              "kind": "IDENT",
              "content": "max",
            },
            {
              "kind": "NUM",
              "content": "100",
            }
          ]
        }
      ]
    },
    {
      "kind": "VARLIST",
      "num_children": 3,
      "children": [
        {
          "kind": "IDENT",
          "num_children": 1,
          "children": [
            {
              "kind": "IDENT",
              "content": "arg",
            }
          ]
        },
        {
          "kind": "IDENT",
          "content": "ret",
        },
        {
          "kind": "IDENT",
          "content": "i",
        }
      ]
    },
    {
      "kind": "PROCLIST",
      "num_children": 2,
      "children": [
        {
          "kind": "PROC",
          "num_children": 1,
          "children": [
            {
              "kind": "IDENT",
              "content": "isprime",
            }
          ]
        },
        {
          "kind": "BEGIN",
          "num_children": 3,
          "children": [
            {
              "kind": "STATEMENT",
              "num_children": 1,
              "children": [
                {
                  "kind": "CEQ",
                  "num_children": 2,
                  "children": [
                    {
                      "kind": "IDENT",
                      "content": "ret",
                    },
                    {
                      "kind": "EXPRS",
                      "num_children": 1,
                      "children": [
                        {
                          "kind": "EXPRS",
                          "num_children": 1,
                          "children": [
                            {
                              "kind": "NUM",
                              "content": "1",
                            }
                          ]
                        }
                      ]
                    }
                  ]
                }
              ]
            },
            {
              "kind": "STATEMENT",
              "num_children": 1,
              "children": [
                {
                  "kind": "CEQ",
                  "num_children": 2,
                  "children": [
                    {
                      "kind": "IDENT",
                      "content": "i",
                    },
                    {
                      "kind": "EXPRS",
                      "num_children": 1,
                      "children": [
                        {
                          "kind": "EXPRS",
                          "num_children": 1,
                          "children": [
                            {
                              "kind": "NUM",
                              "content": "2",
                            }
                          ]
                        }
                      ]
                    }
                  ]
                }
              ]
            },
            {
              "kind": "STATEMENT",
              "num_children": 1,
              "children": [
                {
                  "kind": "WHILE",
                  "num_children": 2,
                  "children": [
                    {
                      "kind": "BINEXPR",
                      "num_children": 3,
                      "children": [
                        {
                          "kind": "LT",
                          "content": "<",
                        },
                        {
                          "kind": "EXPRS",
                          "num_children": 1,
                          "children": [
                            {
                              "kind": "EXPRS",
                              "num_children": 1,
                              "children": [
                                {
                                  "kind": "IDENT",
                                  "content": "i",
                                }
                              ]
                            }
                          ]
                        },
                        {
                          "kind": "EXPRS",
                          "num_children": 1,
                          "children": [
                            {
                              "kind": "EXPRS",
                              "num_children": 1,
                              "children": [
                                {
                                  "kind": "IDENT",
                                  "content": "arg",
                                }
                              ]
                            }
                          ]
                        }
                      ]
                    },
                    {
                      "kind": "BEGIN",
                      "num_children": 2,
                      "children": [
                        {
                          "kind": "STATEMENT",
                          "num_children": 1,
                          "children": [
                            {
                              "kind": "IF",
                              "num_children": 2,
                              "children": [
                                {
                                  "kind": "BINEXPR",
                                  "num_children": 3,
                                  "children": [
                                    {
                                      "kind": "EQ",
                                      "content": "=",
                                    },
                                    {
                                      "kind": "EXPRS",
                                      "num_children": 1,
                                      "children": [
                                        {
                                          "kind": "EXPRS",
                                          "num_children": 3,
                                          "children": [
                                            {
                                              "kind": "IDENT",
                                              "content": "arg",
                                            },
                                            {
                                              "kind": "TERM",
                                              "num_children": 2,
                                              "children": [
                                                {
                                                  "kind": "DIV",
                                                  "content": "/",
                                                },
                                                {
                                                  "kind": "IDENT",
                                                  "content": "i",
                                                }
                                              ]
                                            },
                                            {
                                              "kind": "TERM",
                                              "num_children": 2,
                                              "children": [
                                                {
                                                  "kind": "STAR",
                                                  "content": "*",
                                                },
                                                {
                                                  "kind": "IDENT",
                                                  "content": "i",
                                                }
                                              ]
                                            }
                                          ]
                                        }
                                      ]
                                    },
                                    {
                                      "kind": "EXPRS",
                                      "num_children": 1,
                                      "children": [
                                        {
                                          "kind": "EXPRS",
                                          "num_children": 1,
                                          "children": [
                                            {
                                              "kind": "IDENT",
                                              "content": "arg",
                                            }
                                          ]
                                        }
                                      ]
                                    }
                                  ]
                                },
                                {
                                  "kind": "BEGIN",
                                  "num_children": 2,
                                  "children": [
                                    {
                                      "kind": "STATEMENT",
                                      "num_children": 1,
                                      "children": [
                                        {
                                          "kind": "CEQ",
                                          "num_children": 2,
                                          "children": [
                                            {
                                              "kind": "IDENT",
                                              "content": "ret",
                                            },
                                            {
                                              "kind": "EXPRS",
                                              "num_children": 1,
                                              "children": [
                                                {
                                                  "kind": "EXPRS",
                                                  "num_children": 1,
                                                  "children": [
                                                    {
                                                      "kind": "NUM",
                                                      "content": "0",
                                                    }
                                                  ]
                                                }
                                              ]
                                            }
                                          ]
                                        }
                                      ]
                                    },
                                    {
                                      "kind": "STATEMENT",
                                      "num_children": 1,
                                      "children": [
                                        {
                                          "kind": "CEQ",
                                          "num_children": 2,
                                          "children": [
                                            {
                                              "kind": "IDENT",
                                              "content": "i",
                                            },
                                            {
                                              "kind": "EXPRS",
                                              "num_children": 1,
                                              "children": [
                                                {
                                                  "kind": "EXPRS",
                                                  "num_children": 1,
                                                  "children": [
                                                    {
                                                      "kind": "IDENT",
                                                      "content": "arg",
                                                    }
                                                  ]
                                                }
                                              ]
                                            }
                                          ]
                                        }
                                      ]
                                    }
                                  ]
                                }
                              ]
                            }
                          ]
                        },
                        {
                          "kind": "STATEMENT",
                          "num_children": 1,
                          "children": [
                            {
                              "kind": "CEQ",
                              "num_children": 2,
                              "children": [
                                {
                                  "kind": "IDENT",
                                  "content": "i",
                                },
                                {
                                  "kind": "EXPRS",
                                  "num_children": 2,
                                  "children": [
                                    {
                                      "kind": "EXPRS",
                                      "num_children": 1,
                                      "children": [
                                        {
                                          "kind": "IDENT",
                                          "content": "i",
                                        }
                                      ]
                                    },
                                    {
                                      "kind": "BINEXPR",
                                      "num_children": 2,
                                      "children": [
                                        {
                                          "kind": "PLUS",
                                          "content": "+",
                                        },
                                        {
                                          "kind": "EXPRS",
                                          "num_children": 1,
                                          "children": [
                                            {
                                              "kind": "NUM",
                                              "content": "1",
                                            }
                                          ]
                                        }
                                      ]
                                    }
                                  ]
                                }
                              ]
                            }
                          ]
                        }
                      ]
                    }
                  ]
                }
              ]
            }
          ]
        }
      ]
    },
    {
      "kind": "PROCLIST",
      "num_children": 2,
      "children": [
        {
          "kind": "PROC",
          "num_children": 1,
          "children": [
            {
              "kind": "IDENT",
              "content": "primes",
            }
          ]
        },
        {
          "kind": "BEGIN",
          "num_children": 2,
          "children": [
            {
              "kind": "STATEMENT",
              "num_children": 1,
              "children": [
                {
                  "kind": "CEQ",
                  "num_children": 2,
                  "children": [
                    {
                      "kind": "IDENT",
                      "content": "arg",
                    },
                    {
                      "kind": "EXPRS",
                      "num_children": 1,
                      "children": [
                        {
                          "kind": "EXPRS",
                          "num_children": 1,
                          "children": [
                            {
                              "kind": "NUM",
                              "content": "2",
                            }
                          ]
                        }
                      ]
                    }
                  ]
                }
              ]
            },
            {
              "kind": "STATEMENT",
              "num_children": 1,
              "children": [
                {
                  "kind": "WHILE",
                  "num_children": 2,
                  "children": [
                    {
                      "kind": "BINEXPR",
                      "num_children": 3,
                      "children": [
                        {
                          "kind": "LT",
                          "content": "<",
                        },
                        {
                          "kind": "EXPRS",
                          "num_children": 1,
                          "children": [
                            {
                              "kind": "EXPRS",
                              "num_children": 1,
                              "children": [
                                {
                                  "kind": "IDENT",
                                  "content": "arg",
                                }
                              ]
                            }
                          ]
                        },
                        {
                          "kind": "EXPRS",
                          "num_children": 1,
                          "children": [
                            {
                              "kind": "EXPRS",
                              "num_children": 1,
                              "children": [
                                {
                                  "kind": "IDENT",
                                  "content": "max",
                                }
                              ]
                            }
                          ]
                        }
                      ]
                    },
                    {
                      "kind": "BEGIN",
                      "num_children": 3,
                      "children": [
                        {
                          "kind": "STATEMENT",
                          "num_children": 1,
                          "children": [
                            {
                              "kind": "CALL",
                              "num_children": 1,
                              "children": [
                                {
                                  "kind": "IDENT",
                                  "content": "isprime",
                                }
                              ]
                            }
                          ]
                        },
                        {
                          "kind": "STATEMENT",
                          "num_children": 1,
                          "children": [
                            {
                              "kind": "IF",
                              "num_children": 2,
                              "children": [
                                {
                                  "kind": "BINEXPR",
                                  "num_children": 3,
                                  "children": [
                                    {
                                      "kind": "EQ",
                                      "content": "=",
                                    },
                                    {
                                      "kind": "EXPRS",
                                      "num_children": 1,
                                      "children": [
                                        {
                                          "kind": "EXPRS",
                                          "num_children": 1,
                                          "children": [
                                            {
                                              "kind": "IDENT",
                                              "content": "ret",
                                            }
                                          ]
                                        }
                                      ]
                                    },
                                    {
                                      "kind": "EXPRS",
                                      "num_children": 1,
                                      "children": [
                                        {
                                          "kind": "EXPRS",
                                          "num_children": 1,
                                          "children": [
                                            {
                                              "kind": "NUM",
                                              "content": "1",
                                            }
                                          ]
                                        }
                                      ]
                                    }
                                  ]
                                },
                                {
                                  "kind": "WRITE",
                                  "num_children": 1,
                                  "children": [
                                    {
                                      "kind": "IDENT",
                                      "content": "arg",
                                    }
                                  ]
                                }
                              ]
                            }
                          ]
                        },
                        {
                          "kind": "STATEMENT",
                          "num_children": 1,
                          "children": [
                            {
                              "kind": "CEQ",
                              "num_children": 2,
                              "children": [
                                {
                                  "kind": "IDENT",
                                  "content": "arg",
                                },
                                {
                                  "kind": "EXPRS",
                                  "num_children": 2,
                                  "children": [
                                    {
                                      "kind": "EXPRS",
                                      "num_children": 1,
                                      "children": [
                                        {
                                          "kind": "IDENT",
                                          "content": "arg",
                                        }
                                      ]
                                    },
                                    {
                                      "kind": "BINEXPR",
                                      "num_children": 2,
                                      "children": [
                                        {
                                          "kind": "PLUS",
                                          "content": "+",
                                        },
                                        {
                                          "kind": "EXPRS",
                                          "num_children": 1,
                                          "children": [
                                            {
                                              "kind": "NUM",
                                              "content": "1",
                                            }
                                          ]
                                        }
                                      ]
                                    }
                                  ]
                                }
                              ]
                            }
                          ]
                        }
                      ]
                    }
                  ]
                }
              ]
            }
          ]
        }
      ]
    },
    {
      "kind": "PROCLIST",
      "num_children": 1,
      "children": [
        {
          "kind": "CALL",
          "num_children": 1,
          "children": [
            {
              "kind": "IDENT",
              "content": "primes",
            }
          ]
        }
      ]
    }
  ]
}
