{
	"class" : {
		"example1" : "bf 8/20/2010 17:33",
		"example2" : "bf 8/20/2010 17:33",
		"example3" : "bf 8/20/2010 17:34",
		"example4" : "bf 8/20/2010 17:37",
		"example5" : "bf 8/24/2010 18:48",
		"on:" : "bf 11/21/2012 00:43",
		"star" : "bf 7/22/2011 17:13" },
	"instance" : {
		"asShadowCanvas" : "bf 9/23/2010 14:14",
		"clip" : "bf 8/26/2010 18:58",
		"clipBy:" : "bf 12/13/2011 12:26",
		"color:" : "bf 8/26/2010 13:43",
		"deferRendering:" : "bf 6/9/2011 16:15",
		"draw:" : "bf 9/30/2010 18:19",
		"drawOval:" : "bf 8/26/2010 23:06",
		"drawPath:" : "bf 10/17/2011 22:17",
		"drawPolygon:" : "bf 8/26/2010 23:08",
		"drawRectangle:" : "bf 8/20/2010 17:30",
		"drawRectangle:radius:" : "bf 8/26/2010 23:10",
		"fill:" : "bf 8/6/2010 11:11",
		"fillOval:" : "bf 8/31/2010 16:22",
		"fillPolygon:" : "bf 8/31/2010 16:23",
		"fillRectangle:" : "bf 8/31/2010 16:23",
		"flush" : "bf 6/9/2011 09:41",
		"frameOval:width:" : "bf 8/26/2010 23:06",
		"framePolygon:width:" : "bf 8/26/2010 23:09",
		"gaussianBlur11x11:flatten:" : "bf 5/31/2011 23:16",
		"gaussianBlur21x21:flatten:" : "bf 5/31/2011 23:16",
		"gaussianBlur5x5:flatten:" : "bf 5/31/2011 22:46",
		"gaussianBlur:size:flatten:" : "bf 9/23/2010 11:52",
		"inverseTransformation" : "bf 8/26/2010 17:33",
		"isClipCoveredBy:" : "yo 5/25/2011 11:04",
		"isFullyVisible:" : "bf 8/26/2010 17:05",
		"isShadowCanvas" : "bf 9/23/2010 14:15",
		"isVisible:" : "bf 8/26/2010 17:08",
		"preserveStateDuring:" : "bf 2/5/2010 15:04",
		"preserveTransformDuring:" : "bf 8/26/2010 18:16",
		"restoreState" : "bf 8/26/2010 17:05",
		"resumeDrawing" : "yo 7/1/2011 09:31",
		"rotateBy:" : "bf 2/5/2010 15:56",
		"saveState" : "bf 8/26/2010 18:15",
		"scaleBy:" : "bf 2/5/2010 15:57",
		"setTarget:" : "bf 9/2/2010 17:35",
		"stroke:" : "bf 8/20/2010 15:25",
		"strokePath:width:" : "bf 8/31/2010 16:23",
		"suspendDrawing" : "yo 7/1/2011 09:31",
		"transform" : "bf 8/26/2010 18:14",
		"transformBy:" : "bf 8/26/2010 18:37",
		"translateBy:" : "bf 2/5/2010 16:32" } }
